2a,
Time (min),Intensity (a.u.)
0.004166667,154.2378082
0.0125,154.0641785
0.020833334,154.1375122
0.029166667,153.8557129
0.037500001,154.33078
0.045833334,154.4211884
0.054166667,154.454895
0.0625,153.8595123
0.070833333,154.4565887
0.079166666,154.1800537
0.087499999,154.7718353
0.095833331,154.5215759
0.104166664,154.4758453
0.112499997,154.6639709
0.12083333,154.1878204
0.129166663,154.4292297
0.137500003,154.2962646
0.145833328,154.5631256
0.154166669,154.1265259
0.162499994,154.4254456
0.170833334,154.4979858
0.17916666,154.289566
0.1875,154.337265
0.19583334,154.2625122
0.204166666,154.3155823
0.212500006,154.0594788
0.220833331,154.0814362
0.229166672,154.3175659
0.237499997,154.5443878
0.245833337,153.5461273
0.254166663,154.400528
0.262499988,154.3780823
0.270833343,153.9578857
0.279166669,154.5205383
0.287499994,154.2684631
0.295833319,154.2944183
0.304166675,154.2232819
0.3125,154.2546539
0.320833325,154.478775
0.329166681,154.3654327
0.337500006,154.5547485
0.345833331,154.1198578
0.354166657,154.7366333
0.362500012,154.4894257
0.370833337,154.341156
0.379166663,155.0974579
0.387499988,155.1087494
0.395833343,154.7219696
0.404166669,154.5330505
0.412499994,154.9751892
0.420833319,154.1204529
0.429166675,154.531601
0.4375,154.3808136
0.445833325,154.0658417
0.454166681,154.2955322
0.462500006,154.3921661
0.470833331,154.3778229
0.479166657,154.6014709
0.487500012,154.8266754
0.495833337,155.1861725
0.504166663,154.8663177
0.512499988,154.1266174
0.520833314,154.2944794
0.529166639,154.1847534
0.537500024,154.3226318
0.545833349,154.5609589
0.554166675,154.3505554
0.5625,154.6703949
0.570833325,154.5802155
0.579166651,154.4554596
0.587499976,154.2185211
0.595833361,154.1603241
0.604166687,154.3016968
0.612500012,154.5183563
0.620833337,154.7952118
0.629166663,155.1448059
0.637499988,154.9972534
0.645833314,155.2705078
0.654166639,155.3065186
0.662500024,154.8674927
0.670833349,155.2907104
0.679166675,155.1207886
0.6875,154.6039886
0.695833325,154.4759369
0.704166651,154.6402588
0.712499976,154.6066132
0.720833361,154.5328064
0.729166687,154.6688538
0.737500012,155.1308441
0.745833337,154.904129
0.754166663,154.6291809
0.762499988,154.3688354
0.770833314,154.973053
0.779166639,154.8435364
0.787500024,154.346405
0.795833349,154.980957
0.804166675,154.9300995
0.8125,155.2922974
0.820833325,155.7158508
0.829166651,155.4126129
0.837499976,154.9042358
0.845833361,155.6272736
0.854166687,154.7938995
0.862500012,155.3492279
0.870833337,155.2450714
0.879166663,154.6416168
0.887499988,154.6911011
0.895833314,155.0583801
0.904166639,154.7995148
0.912500024,154.9765167
0.920833349,155.3324432
0.929166675,154.7419739
0.9375,154.5806274
0.945833325,155.1183624
0.954166651,155.3653107
0.962499976,155.1065216
0.970833361,154.7719879
0.979166687,154.9347839
0.987500012,154.703476
0.995833337,154.9011841
1.004166722,155.2841034
1.012500048,155.3140106
1.020833373,155.2565918
1.029166698,155.3976898
1.037500024,155.4707794
1.045833349,155.1737976
1.054166675,155.1929932
1.0625,155.2577972
1.070833325,155.6217346
1.079166651,155.1755371
1.087499976,155.245636
1.095833302,155.130127
1.104166627,154.8677216
1.112499952,154.9510345
1.120833278,155.1302185
1.129166722,154.905899
1.137500048,154.9717255
1.145833373,154.975769
1.154166698,154.6882477
1.162500024,154.9647369
1.170833349,155.041214
1.179166675,155.5411835
1.1875,154.8026581
1.195833325,155.3136139
1.204166651,155.1161194
1.212499976,155.0323792
1.220833302,155.247406
1.229166627,154.6663361
1.237499952,155.0375977
1.245833278,155.0127106
1.254166722,154.8876953
1.262500048,155.6822205
1.270833373,155.7425385
1.279166698,155.0746613
1.287500024,155.2819672
1.295833349,154.6954346
1.304166675,154.928772
1.3125,154.7932892
1.320833325,155.4887238
1.329166651,155.692627
1.337499976,155.1523285
1.345833302,155.1636963
1.354166627,154.8668823
1.362499952,155.1696167
1.370833278,154.9309387
1.379166722,155.2021027
1.387500048,154.9935455
1.395833373,154.8400269
1.404166698,155.3245697
1.412500024,154.8813782
1.420833349,155.6034088
1.429166675,155.1737518
1.4375,155.528717
1.445833325,155.5892792
1.454166651,155.51091
1.462499976,155.9807281
1.470833302,155.5707855
1.479166627,155.5644379
1.487499952,155.400528
1.495833278,155.219635
1.504166722,155.5860291
1.512500048,155.372406
1.520833373,155.5263977
1.529166698,155.4249573
1.537500024,155.3888245
1.545833349,155.1672058
1.554166675,154.9963837
1.5625,155.4858093
1.570833325,155.6022186
1.579166651,155.2304382
1.587499976,155.4618988
1.595833302,155.7534637
1.604166627,155.6068726
1.612499952,155.7382355
1.620833278,155.0862579
1.629166722,155.8111572
1.637500048,155.6750488
1.645833373,155.7153168
1.654166698,155.4219666
1.662500024,155.2282257
1.670833349,155.373291
1.679166675,155.4550781
1.6875,155.4790649
1.695833325,155.6267395
1.704166651,155.4881897
1.712499976,155.6255341
1.720833302,155.4365234
1.729166627,155.5964966
1.737499952,155.5580902
1.745833278,155.7549591
1.754166722,156.0271606
1.762500048,155.5569916
1.770833373,155.4628601
1.779166698,155.5694275
1.787500024,155.9673157
1.795833349,155.2989197
1.804166675,155.4169464
1.8125,155.3871765
1.820833325,155.4981079
1.829166651,155.8557434
1.837499976,155.9136963
1.845833302,155.5684052
1.854166627,155.8011322
1.862499952,155.508728
1.870833278,155.8753357
1.879166722,155.4813385
1.887500048,155.1808777
1.895833373,155.3350983
1.904166698,155.0453949
1.912500024,155.3549652
1.920833349,155.4440765
1.929166675,155.6712036
1.9375,155.1728973
1.945833325,155.2616425
1.954166651,155.355484
1.962499976,155.2844238
1.970833302,155.4454651
1.979166627,156.0262146
1.987499952,155.7962494
1.995833278,155.2680511
2.004166603,155.5077209
2.012500048,155.6456299
2.020833254,155.7370148
2.029166698,155.0704193
2.037499905,155.2404022
2.045833349,155.4908905
2.054166555,155.8251343
2.0625,155.3730469
2.070833445,155.2895813
2.079166651,155.2285156
2.087500095,155.8939209
2.095833302,155.7045135
2.104166746,155.8399048
2.112499952,155.6210022
2.120833397,155.4528198
2.129166603,155.7327271
2.137500048,156.3892822
2.145833254,156.1094513
2.154166698,155.6638489
2.162499905,156.0292511
2.170833349,155.4820709
2.179166555,155.5049591
2.1875,155.312027
2.195833445,155.5430298
2.204166651,155.6909027
2.212500095,155.4441833
2.220833302,155.337204
2.229166746,155.5445709
2.237499952,155.5563965
2.245833397,155.4394379
2.254166603,155.3835144
2.262500048,155.8734283
2.270833254,155.8197327
2.279166698,155.6531219
2.287499905,155.9255524
2.295833349,155.3305664
2.304166555,155.3621826
2.3125,155.7262115
2.320833445,155.4616699
2.329166651,155.9117432
2.337500095,156.0427704
2.345833302,155.7542267
2.354166746,155.5241241
2.362499952,155.3747864
2.370833397,155.3527985
2.379166603,156.0739288
2.387500048,155.5258942
2.395833254,155.8332214
2.404166698,155.5189972
2.412499905,155.7338257
2.420833349,155.7910767
2.429166555,155.7239838
2.4375,155.8707275
2.445833445,156.0160828
2.454166651,155.9382935
2.462500095,155.8474121
2.470833302,155.9510498
2.479166746,155.7623901
2.487499952,155.9606781
2.495833397,155.6765594
2.504166603,156.427063
2.512500048,155.6651764
2.520833254,155.5417328
2.529166698,155.9050446
2.537499905,156.0105133
2.545833349,155.6968994
2.554166555,155.747757
2.5625,155.5527344
2.570833445,155.7370453
2.579166651,155.7165222
2.587500095,155.8648987
2.595833302,155.6803894
2.604166746,155.8329163
2.612499952,155.7464752
2.620833397,155.5523834
2.629166603,155.5115356
2.637500048,155.9616852
2.645833254,155.7369843
2.654166698,155.3731842
2.662499905,155.5361633
2.670833349,155.4741821
2.679166555,155.9285736
2.6875,155.6202393
2.695833445,155.4049377
2.704166651,155.1583099
2.712500095,155.738739
2.720833302,155.5001221
2.729166746,155.5485382
2.737499952,155.6678162
2.745833397,155.4068604
2.754166603,155.8114929
2.762500048,156.0034027
2.770833254,155.561554
2.779166698,155.9969635
2.787499905,155.8255157
2.795833349,155.4534149
2.804166555,155.879303
2.8125,156.0673065
2.820833445,156.1047058
2.829166651,155.6915588
2.837500095,155.3485413
2.845833302,155.8393555
2.854166746,155.9632721
2.862499952,155.7340393
2.870833397,155.5653076
2.879166603,155.9382782
2.887500048,156.0903168
2.895833254,155.4628754
2.904166698,155.9801331
2.912499905,155.7251892
2.920833349,156.0503082
2.929166555,155.2121887
2.9375,156.0031586
2.945833445,156.5487366
2.954166651,155.5650635
2.962500095,156.3805695
2.970833302,156.087265
2.979166746,155.5234833
2.987499952,155.5488281
2.995833397,155.5132446
3.004166603,155.7001038
3.012500048,155.5341492
3.020833254,155.7353516
3.029166698,155.7611084
3.037499905,155.4173431
3.045833349,155.833847
3.054166555,155.6326294
3.0625,155.9517365
3.070833445,155.4841461
3.079166651,155.6387024
3.087500095,155.7050476
3.095833302,155.5301819
3.104166746,155.9923401
3.112499952,156.0163116
3.120833397,155.8970947
3.129166603,155.7045288
3.137500048,155.7541504
3.145833254,155.7913666
3.154166698,155.7173157
3.162499905,155.7502899
3.170833349,156.0537109
3.179166555,155.7347107
3.1875,156.167923
3.195833445,155.5595551
3.204166651,155.3657837
3.212500095,155.8744965
3.220833302,155.5952301
3.229166746,155.9211121
3.237499952,155.6293793
3.245833397,155.5692444
3.254166603,155.9656372
3.262500048,155.8116608
3.270833254,155.8052673
3.279166698,155.4978485
3.287499905,155.5728607
3.295833349,155.5688171
3.304166555,155.659317
3.3125,155.8587494
3.320833445,155.6954498
3.329166651,155.78302
3.337500095,155.6318512
3.345833302,155.855835
3.354166746,155.9163055
3.362499952,155.9203339
3.370833397,155.7957458
3.379166603,155.4786987
3.387500048,155.6131439
3.395833254,155.7502136
3.404166698,155.4598694
3.412499905,155.8924866
3.420833349,155.4855499
3.429166555,155.9756622
3.4375,155.6179962
3.445833445,155.446701
3.454166651,155.7509308
3.462500095,155.9439545
3.470833302,156.6583557
3.479166746,155.7702789
3.487499952,156.5705566
3.495833397,156.0379028
3.504166603,156.2443695
3.512500048,155.9279633
3.520833254,155.8752594
3.529166698,155.5953217
3.537499905,155.623703
3.545833349,155.1087952
3.554166555,155.7643585
3.5625,155.9094086
3.570833445,155.3351898
3.579166651,155.7402649
3.587500095,156.0286407
3.595833302,155.373764
3.604166746,155.6922607
3.612499952,155.8624878
3.620833397,155.6190796
3.629166603,155.4103241
3.637500048,155.8693542
3.645833254,155.9026031
3.654166698,155.3838196
3.662499905,156.125061
3.670833349,156.3111572
3.679166555,155.81427
3.6875,155.7074738
3.695833445,155.6727905
3.704166651,155.5368195
3.712500095,155.8889771
3.720833302,155.5391388
3.729166746,155.6715698
3.737499952,155.6029358
3.745833397,155.4799652
3.754166603,155.5648193
3.762500048,155.3092041
3.770833254,155.1409454
3.779166698,155.5667419
3.787499905,155.6446991
3.795833349,155.5163116
3.804166555,155.9586945
3.8125,155.6963959
3.820833445,155.4346008
3.829166651,156.0923462
3.837500095,155.8534546
3.845833302,155.8961334
3.854166746,156.0946198
3.862499952,155.9382324
3.870833397,155.7832489
3.879166603,156.0147858
3.887500048,156.0304108
3.895833254,155.5064087
3.904166698,156.1096344
3.912499905,156.0375977
3.920833349,155.705719
3.929166555,155.8043213
3.9375,155.614624
3.945833445,155.9074707
3.954166651,155.9943085
3.962500095,155.8145599
3.970833302,155.7453918
3.979166746,155.7149353
3.987499952,155.9125061
3.995833397,155.7120667
4.004166603,155.9333344
4.012499809,155.8053589
4.020833492,155.6608276
4.029166698,155.4080658
4.037499905,155.7455139
4.045833111,155.5227051
4.054166794,155.7936554
4.0625,155.9177399
4.070833206,156.792511
4.079166889,155.9224548
4.087500095,155.4482117
4.095833302,155.9486694
4.104166508,155.9763489
4.112500191,155.3764801
4.120833397,155.6562653
4.129166603,155.9062042
4.137499809,155.6469421
4.145833492,155.5079956
4.154166698,156.4420471
4.162499905,155.7259369
4.170833111,156.0474701
4.179166794,155.4160614
4.1875,155.6033783
4.195833206,155.8582611
4.204166889,155.7144318
4.212500095,155.3981628
4.220833302,155.594986
4.229166508,155.8635254
4.237500191,156.3656921
4.245833397,156.1092072
4.254166603,155.9127502
4.262499809,155.9356079
4.270833492,155.7214813
4.279166698,155.5588226
4.287499905,155.5450287
4.295833111,155.9376068
4.304166794,156.095932
4.3125,155.6798096
4.320833206,155.4013977
4.329166889,155.5643005
4.337500095,156.0886688
4.345833302,155.8043671
4.354166508,155.7649384
4.362500191,155.7160797
4.370833397,155.9802399
4.379166603,156.1185608
4.387499809,156.3233337
4.395833492,155.8993225
4.404166698,155.9964752
4.412499905,155.8253784
4.420833111,156.0592804
4.429166794,156.1003723
4.4375,156.0203705
4.445833206,155.7813721
4.454166889,155.9465332
4.462500095,155.8042145
4.470833302,155.6022186
4.479166508,155.7380371
4.487500191,155.40448
4.495833397,156.7707214
4.504166603,155.9170532
4.512499809,155.4253845
4.520833492,155.6326141
4.529166698,155.9362335
4.537499905,156.0479584
4.545833111,156.1720123
4.554166794,155.699646
4.5625,156.0136719
4.570833206,155.6947327
4.579166889,156.0736389
4.587500095,155.9728851
4.595833302,155.7104645
4.604166508,155.5661469
4.612500191,155.6288147
4.620833397,155.6221924
4.629166603,155.713089
4.637499809,155.8552551
4.645833492,156.038681
4.654166698,155.4389343
4.662499905,155.9288025
4.670833111,155.7531128
4.679166794,155.5449829
4.6875,155.5484467
4.695833206,155.9583893
4.704166889,155.817215
4.712500095,156.0131531
4.720833302,155.9655762
4.729166508,156.0002136
4.737500191,155.6003723
4.745833397,155.7123413
4.754166603,156.1653137
4.762499809,155.8722382
4.770833492,156.0265961
4.779166698,155.7053528
4.787499905,155.5706787
4.795833111,155.9579468
4.804166794,155.8697357
4.8125,156.196701
4.820833206,155.5342255
4.829166889,155.9541473
4.837500095,155.9438171
4.845833302,155.9202118
4.854166508,156.1877441
4.862500191,155.6434937
4.870833397,155.9396667
4.879166603,155.7924347
4.887499809,155.50354
4.895833492,155.3302155
4.904166698,156.1019897
4.912499905,156.0306396
4.920833111,155.6525879
4.929166794,156.4267883
4.9375,156.2040863
4.945833206,155.628952
4.954166889,155.8021698
4.962500095,155.3247833
4.970833302,156.0045319
4.979166508,156.6481781
4.987500191,158.767746
4.995833397,158.2131195
5.004166603,158.524231
5.012499809,158.055603
5.020833492,157.9949341
5.029166698,158.2939606
5.037499905,158.3079834
5.045833111,158.8783264
5.054166794,132.2069397
5.0625,146.8831024
5.070833206,95.18260193
5.079166889,73.94166565
5.087500095,116.9759903
5.095833302,154.9501495
5.104166508,155.1432648
5.112500191,155.0711212
5.120833397,155.09198
5.129166603,154.540863
5.137499809,154.6193237
5.145833492,154.7854462
5.154166698,154.7503815
5.162499905,154.4255371
5.170833111,154.3437805
5.179166794,154.1959381
5.1875,154.763504
5.195833206,153.9684753
5.204166889,154.1401672
5.212500095,153.9854126
5.220833302,153.7623901
5.229166508,154.0209961
5.237500191,153.8315582
5.245833397,153.6799774
5.254166603,153.6608734
5.262499809,153.444397
5.270833492,153.287796
5.279166698,153.8624573
5.287499905,153.41008
5.295833111,152.8725586
5.304166794,153.6698608
5.3125,153.0695801
5.320833206,152.7307587
5.329166889,153.5484314
5.337500095,153.1508789
5.345833302,152.6298981
5.354166508,152.3484192
5.362500191,152.8834534
5.370833397,152.8786469
5.379166603,153.1139069
5.387499809,152.4963837
5.395833492,152.2474365
5.404166698,152.6259308
5.412499905,152.6798248
5.420833111,152.5694733
5.429166794,152.6043243
5.4375,152.061615
5.445833206,152.3957214
5.454166889,152.4778595
5.462500095,152.4825745
5.470833302,152.0776672
5.479166508,152.3314056
5.487500191,152.2557983
5.495833397,151.6508789
5.504166603,151.8628845
5.512499809,151.076767
5.520833492,151.0833588
5.529166698,151.2467041
5.537499905,150.8086243
5.545833111,150.8547211
5.554166794,151.1360168
5.5625,150.5821228
5.570833206,150.6598358
5.579166889,150.5501862
5.587500095,151.0545197
5.595833302,150.9721985
5.604166508,151.1397247
5.612500191,150.9803009
5.620833397,150.8238525
5.629166603,151.5818634
5.637499809,150.8898926
5.645833492,151.0920868
5.654166698,150.8501129
5.662499905,151.2305603
5.670833111,150.7577209
5.679166794,151.1576996
5.6875,150.8327789
5.695833206,151.019165
5.704166889,151.0359955
5.712500095,151.0734558
5.720833302,150.9091644
5.729166508,150.7345886
5.737500191,150.7064514
5.745833397,150.8269806
5.754166603,150.7488708
5.762499809,150.9648285
5.770833492,150.5924072
5.779166698,150.714859
5.787499905,150.5403442
5.795833111,150.2900085
5.804166794,150.1806488
5.8125,150.3087158
5.820833206,150.2641754
5.829166889,149.9492798
5.837500095,149.926178
5.845833302,149.250946
5.854166508,150.322876
5.862500191,149.9633179
5.870833397,149.6187439
5.879166603,149.4374084
5.887499809,149.401123
5.895833492,149.3256531
5.904166698,149.3984528
5.912499905,149.1049042
5.920833111,149.6439362
5.929166794,149.499588
5.9375,149.266571
5.945833206,149.1882019
5.954166889,149.6883698
5.962500095,149.5151367
5.970833302,149.3789978
5.979166508,149.1529541
5.987500191,149.7395782
5.995833397,149.5413513
6.004166603,149.738739
6.012499809,149.5220642
6.020833492,149.2350922
6.029166698,149.5101776
6.037499905,148.6585999
6.045833111,149.256546
6.054166794,148.8809967
6.0625,149.2617188
6.070833206,148.8418579
6.079166889,149.3388062
6.087500095,148.9621429
6.095833302,148.9915161
6.104166508,149.0067902
6.112500191,149.0792999
6.120833397,149.1628265
6.129166603,148.8905792
6.137499809,148.8745575
6.145833492,148.6696472
6.154166698,148.9294281
6.162499905,148.8713989
6.170833111,148.5430908
6.179166794,148.4059601
6.1875,149.0040436
6.195833206,148.5289612
6.204166889,148.2475433
6.212500095,148.4607849
6.220833302,148.4807739
6.229166508,148.7396698
6.237500191,148.4968414
6.245833397,148.1493378
6.254166603,148.6412048
6.262499809,148.057312
6.270833492,147.9398651
6.279166698,148.5220184
6.287499905,148.4153748
6.295833111,147.9989624
6.304166794,148.3468018
6.3125,148.1634216
6.320833206,147.9887085
6.329166889,148.0222626
6.337500095,148.0516663
6.345833302,147.729248
6.354166508,147.6436768
6.362500191,147.9878387
6.370833397,147.7986298
6.379166603,147.5601501
6.387499809,147.8088684
6.395833492,147.5052185
6.404166698,147.6948853
6.412499905,147.5541992
6.420833111,147.8282013
6.429166794,147.6078644
6.4375,147.5381012
6.445833206,147.2403107
6.454166889,147.2351379
6.462500095,147.3336792
6.470833302,146.99646
6.479166508,146.8941498
6.487500191,147.0936584
6.495833397,147.1765747
6.504166603,147.1123505
6.512499809,147.5426331
6.520833492,147.0457458
6.529166698,147.5488434
6.537499905,147.2922516
6.545833111,146.8053741
6.554166794,147.1322327
6.5625,146.9543152
6.570833206,146.8654175
6.579166889,146.9308167
6.587500095,146.8893585
6.595833302,146.5269928
6.604166508,146.3385468
6.612500191,146.7396851
6.620833397,146.9231415
6.629166603,146.6931458
6.637499809,146.8420868
6.645833492,146.9596405
6.654166698,146.8159027
6.662499905,146.5202942
6.670833111,146.5110016
6.679166794,146.7541199
6.6875,146.7152252
6.695833206,146.2267761
6.704166889,146.2602386
6.712500095,146.4768219
6.720833302,146.4619751
6.729166508,146.2884674
6.737500191,146.8995667
6.745833397,145.8837585
6.754166603,146.1688538
6.762499809,146.0289001
6.770833492,146.7571564
6.779166698,146.1482849
6.787499905,146.1084137
6.795833111,146.6460876
6.804166794,145.6889496
6.8125,146.3392029
6.820833206,145.508194
6.829166889,146.0000763
6.837500095,145.8519592
6.845833302,145.8614197
6.854166508,145.6196442
6.862500191,145.7072449
6.870833397,145.7232361
6.879166603,145.9077759
6.887499809,145.5046692
6.895833492,146.2257996
6.904166698,146.0477142
6.912499905,145.4462891
6.920833111,145.8510742
6.929166794,145.4141998
6.9375,145.6907654
6.945833206,145.3386536
6.954166889,145.4004364
6.962500095,145.6482697
6.970833302,145.4521332
6.979166508,145.2682037
6.987500191,145.4368134
6.995833397,145.6038818
7.004166603,145.746048
7.012499809,145.2635345
7.020833492,144.9185791
7.029166698,145.5069275
7.037499905,145.1269226
7.045833111,144.9502716
7.054166794,145.0622406
7.0625,145.2507935
7.070833206,145.4200592
7.079166889,144.7838287
7.087500095,145.0801697
7.095833302,145.0602264
7.104166508,144.7303619
7.112500191,144.9009552
7.120833397,144.7983093
7.129166603,144.9448395
7.137499809,144.8417511
7.145833492,144.5796204
7.154166698,144.6630096
7.162499905,144.8302307
7.170833111,144.8528748
7.179166794,144.7877502
7.1875,144.3858185
7.195833206,144.5775146
7.204166889,144.9575958
7.212500095,144.6518402
7.220833302,144.3222504
7.229166508,144.7014008
7.237500191,144.2938385
7.245833397,144.1715088
7.254166603,144.4503021
7.262499809,144.7801208
7.270833492,144.4594116
7.279166698,144.0800629
7.287499905,144.8681488
7.295833111,144.3616943
7.304166794,144.3328857
7.3125,144.1772614
7.320833206,144.4216614
7.329166889,143.8736725
7.337500095,144.5562439
7.345833302,144.1066589
7.354166508,144.4309692
7.362500191,144.2229156
7.370833397,143.950592
7.379166603,143.5566711
7.387499809,144.016571
7.395833492,144.1560516
7.404166698,144.2550659
7.412499905,143.5798798
7.420833111,143.7987061
7.429166794,143.5531464
7.4375,144.4385681
7.445833206,143.8151398
7.454166889,143.8308563
7.462500095,143.8852539
7.470833302,143.9358368
7.479166508,143.9093018
7.487500191,143.8669281
7.495833397,143.6727295
7.504166603,143.6952057
7.512499809,143.0758972
7.520833492,143.6002502
7.529166698,143.4894867
7.537499905,143.473114
7.545833111,143.3803864
7.554166794,143.2741852
7.5625,143.5718536
7.570833206,143.2256927
7.579166889,143.2526245
7.587500095,143.6874542
7.595833302,143.4446259
7.604166508,143.0851593
7.612500191,143.2995605
7.620833397,143.2430725
7.629166603,143.2160797
7.637499809,143.4463654
7.645833492,143.2272644
7.654166698,143.1950226
7.662499905,143.1138458
7.670833111,143.4282684
7.679166794,143.3869476
7.6875,143.2366791
7.695833206,142.8804932
7.704166889,143.3991241
7.712500095,143.6427307
7.720833302,142.9953918
7.729166508,143.003006
7.737500191,142.969986
7.745833397,142.6865082
7.754166603,142.6788177
7.762499809,142.9082947
7.770833492,143.0176239
7.779166698,142.8690948
7.787499905,142.884079
7.795833111,142.8516388
7.804166794,142.8532257
7.8125,142.7754517
7.820833206,142.7801208
7.829166889,143.0075684
7.837500095,142.8339233
7.845833302,142.8920746
7.854166508,142.7210236
7.862500191,142.7813873
7.870833397,142.9096832
7.879166603,142.480484
7.887499809,142.483139
7.895833492,142.6424561
7.904166698,142.3516083
7.912499905,142.4312286
7.920833111,142.0561676
7.929166794,142.2595062
7.9375,142.7121887
7.945833206,142.4355316
7.954166889,142.3847351
7.962500095,142.4807587
7.970833302,142.3521423
7.979166508,142.1178589
7.987500191,142.1798401
7.995833397,142.3285217
8.004166603,142.3881683
8.012499809,142.2657928
8.020833015,142.2442322
8.029166222,142.2808533
8.037500381,142.0665741
8.045833588,142.520401
8.054166794,142.1342316
8.0625,142.408371
8.070833206,141.8973846
8.079166412,142.1248169
8.087499619,142.1966553
8.095833778,141.9366455
8.104166985,142.3255615
8.112500191,142.0342865
8.120833397,142.0708771
8.129166603,141.8599548
8.137499809,142.0623322
8.145833015,141.8662262
8.154166222,141.7628326
8.162500381,141.7792053
8.170833588,142.0701904
8.179166794,141.8428345
8.1875,141.7926941
8.195833206,141.4632263
8.204166412,141.7087402
8.212499619,141.8177948
8.220833778,141.5035706
8.229166985,141.0240784
8.237500191,141.8338318
8.245833397,141.0896301
8.254166603,140.9732056
8.262499809,141.4939423
8.270833015,141.7291565
8.279166222,141.1175232
8.287500381,141.192627
8.295833588,141.5802612
8.304166794,141.4085388
8.3125,141.1161957
8.320833206,141.0934448
8.329166412,141.0494385
8.337499619,141.0096436
8.345833778,141.0533447
8.354166985,141.6226807
8.362500191,141.2111511
8.370833397,141.1683807
8.379166603,141.3050079
8.387499809,140.9158783
8.395833015,141.1201477
8.404166222,141.0607452
8.412500381,140.9811249
8.420833588,140.7835999
8.429166794,140.9131622
8.4375,141.1940155
8.445833206,141.3707123
8.454166412,141.0194244
8.462499619,140.8812714
8.470833778,141.1817932
8.479166985,140.4627838
8.487500191,141.3161011
8.495833397,140.8694
8.504166603,140.8964386
8.512499809,140.6682587
8.520833015,140.53685
8.529166222,140.6615143
8.537500381,140.7941589
8.545833588,140.6293335
8.554166794,140.6362457
8.5625,140.3967285
8.570833206,140.1430511
8.579166412,140.9038391
8.587499619,140.7979889
8.595833778,140.7559204
8.604166985,140.9090271
8.612500191,141.0261688
8.620833397,140.6843872
8.629166603,140.63237
8.637499809,140.6112518
8.645833015,140.4605408
8.654166222,140.4442749
8.662500381,140.5807343
8.670833588,140.3898315
8.679166794,140.1565094
8.6875,140.5222321
8.695833206,140.230835
8.704166412,140.1841736
8.712499619,140.0536652
8.720833778,140.469223
8.729166985,140.6177673
8.737500191,139.9382782
8.745833397,140.3960419
8.754166603,140.4644623
8.762499809,140.1643219
8.770833015,140.0149841
8.779166222,140.1833954
8.787500381,140.1100464
8.795833588,140.2095184
8.804166794,140.09552
8.8125,140.524231
8.820833206,140.2383423
8.829166412,139.9758606
8.837499619,139.3639374
8.845833778,139.6523285
8.854166985,139.9732666
8.862500191,140.3754578
8.870833397,139.7616882
8.879166603,140.0070343
8.887499809,139.6790619
8.895833015,139.8435669
8.904166222,139.6787262
8.912500381,139.8610382
8.920833588,140.0425262
8.929166794,139.6322632
8.9375,140.0556641
8.945833206,139.844574
8.954166412,139.7693176
8.962499619,139.6826172
8.970833778,139.8295898
8.979166985,140.1976013
8.987500191,140.0508423
8.995833397,139.5368042
9.004166603,139.7082977
9.012499809,139.7698822
9.020833015,139.265213
9.029166222,139.4481506
9.037500381,139.4678955
9.045833588,139.4175262
9.054166794,139.5934753
9.0625,139.1650848
9.070833206,139.4861755
9.079166412,139.4770508
9.087499619,138.9985199
9.095833778,139.4172821
9.104166985,139.6240234
9.112500191,139.7991486
9.120833397,139.6294556
9.129166603,139.4084778
9.137499809,139.0521851
9.145833015,139.295166
9.154166222,139.2727509
9.162500381,139.2045288
9.170833588,139.0305786
9.179166794,138.8613434
9.1875,139.299408
9.195833206,139.4046326
9.204166412,139.2584229
9.212499619,139.4920959
9.220833778,139.1047211
9.229166985,139.0410309
9.237500191,139.2028351
9.245833397,139.2641602
9.254166603,139.4103851
9.262499809,138.5280457
9.270833015,138.8686523
9.279166222,139.1611481
9.287500381,139.2693176
9.295833588,138.8631744
9.304166794,138.9756775
9.3125,139.0758209
9.320833206,139.3319092
9.329166412,138.9629211
9.337499619,139.0062408
9.345833778,138.7731323
9.354166985,139.0104218
9.362500191,138.5305786
9.370833397,138.4617462
9.379166603,139.0884247
9.387499809,138.9014282
9.395833015,138.8105011
9.404166222,139.1590271
9.412500381,138.7416992
9.420833588,138.6027069
9.429166794,138.6179962
9.4375,138.3728485
9.445833206,138.5526581
9.454166412,138.533432
9.462499619,138.5989685
9.470833778,138.523056
9.479166985,138.4861145
9.487500191,138.6157837
9.495833397,138.7455139
9.504166603,138.5404663
9.512499809,138.3773193
9.520833015,138.4173584
9.529166222,138.8852692
9.537500381,138.654892
9.545833588,138.4016113
9.554166794,138.4600677
9.5625,138.2593842
9.570833206,138.3592072
9.579166412,138.2753906
9.587499619,138.5056
9.595833778,138.1079407
9.604166985,138.7545471
9.612500191,138.6595001
9.620833397,138.4901123
9.629166603,138.4600372
9.637499809,138.4635315
9.645833015,138.3211517
9.654166222,137.9963531
9.662500381,137.8584747
9.670833588,138.1798553
9.679166794,138.5627899
9.6875,138.2779541
9.695833206,137.8679962
9.704166412,138.2771301
9.712499619,137.9591675
9.720833778,138.0457916
9.729166985,138.1695251
9.737500191,137.5172119
9.745833397,138.1442108
9.754166603,138.0916443
9.762499809,138.0437164
9.770833015,137.8504333
9.779166222,137.9711914
9.787500381,137.8453369
9.795833588,137.4554749
9.804166794,138.0283508
9.8125,138.0940552
9.820833206,137.9740601
9.829166412,137.7734985
9.837499619,137.9631042
9.845833778,138.1246948
9.854166985,137.8558044
9.862500191,137.757309
9.870833397,137.5478973
9.879166603,137.9559784
9.887499809,137.4855042
9.895833015,137.8539124
9.904166222,137.6110687
9.912500381,137.8787384
9.920833588,137.492981
9.929166794,137.4719391
9.9375,137.818573
9.945833206,138.0682983
9.954166412,137.7093811
9.962499619,137.6886292
9.970833778,138.0634003
9.979166985,137.2724152
9.987500191,137.7744904
9.995833397,137.2092438
10.0041666,137.3071594
10.01249981,137.5449066
10.02083302,137.3525238
10.02916622,137.8532104
10.03750038,137.2357178
10.04583359,137.4277954
10.05416679,137.3932037
10.0625,137.2768707
10.07083321,137.6121216
10.07916641,136.9412842
10.08749962,137.2776031
10.09583378,137.6500549
10.10416698,137.6002502
10.11250019,137.3470306
10.1208334,137.3239899
10.1291666,137.2701874
10.13749981,137.3048096
10.14583302,137.1566467
10.15416622,137.0138092
10.16250038,137.2264862
10.17083359,137.4270325
10.17916679,137.0231171
10.1875,137.116272
10.19583321,136.749588
10.20416641,137.2669525
10.21249962,136.9812469
10.22083378,137.4437256
10.22916698,136.8494873
10.23750019,137.0515594
10.2458334,137.269043
10.2541666,136.9905701
10.26249981,136.9323578
10.27083302,137.4921112
10.27916622,136.8718567
10.28750038,137.2970428
10.29583359,137.0641632
10.30416679,137.0709229
10.3125,136.9920959
10.32083321,136.4801025
10.32916641,136.6968079
10.33749962,136.879837
10.34583378,136.8568726
10.35416698,136.9829865
10.36250019,136.9492188
10.3708334,137.0368347
10.3791666,136.5183716
10.38749981,136.95961
10.39583302,136.9388275
10.40416622,136.9213715
10.41250038,136.8730316
10.42083359,136.9717102
10.42916679,136.3614807
10.4375,136.7848358
10.44583321,136.5634308
10.45416641,136.7930145
10.46249962,136.6100922
10.47083378,136.3746033
10.47916698,136.6190186
10.48750019,136.9450531
10.4958334,136.8921661
10.5041666,136.4253845
10.51249981,136.5398865
10.52083302,136.742218
10.52916622,136.510437
10.53750038,137.0966187
10.54583359,136.856842
10.55416679,136.22052
10.5625,136.7796478
10.57083321,136.3881683
10.57916641,136.272995
10.58749962,136.183075
10.59583378,136.6720886
10.60416698,136.2644806
10.61250019,136.1013794
10.6208334,136.6759949
10.6291666,136.2817841
10.63749981,136.2662964
10.64583302,136.1360168
10.65416622,136.5800934
10.66250038,136.6147766
10.67083359,136.1151581
10.67916679,136.0917664
10.6875,136.1659546
10.69583321,136.4689026
10.70416641,136.1455688
10.71249962,136.2393494
10.72083378,135.9581909
10.72916698,136.2829742
10.73750019,135.9229736
10.7458334,136.2091217
10.7541666,136.0197296
10.76249981,135.9930878
10.77083302,136.3362579
10.77916622,136.1165619
10.78750038,135.7101288
10.79583359,136.1293945
10.80416679,135.7831421
10.8125,136.2981873
10.82083321,136.3444214
10.82916641,136.4913788
10.83749962,136.0812531
10.84583378,135.7340393
10.85416698,136.4791107
10.86250019,135.7358856
10.8708334,136.0181732
10.8791666,135.7201233
10.88749981,135.946106
10.89583302,135.6876068
10.90416622,135.9715424
10.91250038,136.3116913
10.92083359,135.8957672
10.92916679,135.9398346
10.9375,135.9413147
10.94583321,135.8617249
10.95416641,135.8350067
10.96249962,135.7648315
10.97083378,136.0028229
10.97916698,135.7017212
10.98750019,135.8818207
10.9958334,135.681488
11.0041666,135.9564667
11.01249981,135.5881042
11.02083302,135.6373138
11.02916622,135.5452118
11.03750038,135.3145294
11.04583359,135.8041229
11.05416679,135.7251892
11.0625,135.5406189
11.07083321,135.3431854
11.07916641,135.8372498
11.08749962,135.9359589
11.09583378,135.4727936
11.10416698,135.4324341
11.11250019,135.438736
11.1208334,135.4915924
11.1291666,135.4657288
11.13749981,135.3027039
11.14583302,135.416275
11.15416622,135.4269562
11.16250038,135.1309814
11.17083359,135.3795776
11.17916679,135.2993774
11.1875,135.2003937
11.19583321,135.4411621
11.20416641,135.2609863
11.21249962,135.1725616
11.22083378,135.2098236
11.22916698,135.1372681
11.23750019,135.4310303
11.2458334,135.4883118
11.2541666,135.1007233
11.26249981,134.8071899
11.27083302,135.2046204
11.27916622,135.5079041
11.28750038,134.9482574
11.29583359,134.9472961
11.30416679,134.8858643
11.3125,134.9205933
11.32083321,135.0877686
11.32916641,135.3497925
11.33749962,134.9171753
11.34583378,135.1475983
11.35416698,135.0970764
11.36250019,135.4090424
11.3708334,135.0148163
11.3791666,135.1576691
11.38749981,135.042511
11.39583302,135.262619
11.40416622,135.2403259
11.41250038,135.4712982
11.42083359,135.1433868
11.42916679,135.0530701
11.4375,134.8903046
11.44583321,134.7588501
11.45416641,135.239151
11.46249962,134.8485107
11.47083378,134.8240814
11.47916698,134.8448029
11.48750019,134.927063
11.4958334,134.8481903
11.5041666,134.6821136
11.51249981,135.0500793
11.52083302,134.7497406
11.52916622,134.814621
11.53750038,135.0748596
11.54583359,134.8230896
11.55416679,134.553894
11.5625,134.9459229
11.57083321,134.5387268
11.57916641,134.9697266
11.58749962,134.8084717
11.59583378,134.3947144
11.60416698,134.8767853
11.61250019,134.549469
11.6208334,134.4947052
11.6291666,134.5856781
11.63749981,134.4593353
11.64583302,134.5782776
11.65416622,135.004715
11.66250038,134.7662659
11.67083359,134.718277
11.67916679,134.8586731
11.6875,134.4586792
11.69583321,134.2277069
11.70416641,134.774826
11.71249962,134.5687256
11.72083378,134.9601288
11.72916698,134.5557098
11.73750019,134.9420013
11.7458334,134.5506744
11.7541666,134.552063
11.76249981,134.6359711
11.77083302,134.4383545
11.77916622,134.5080109
11.78750038,134.4187469
11.79583359,134.6153259
11.80416679,134.5500031
11.8125,134.2184143
11.82083321,134.2515564
11.82916641,134.5006866
11.83749962,134.1481323
11.84583378,134.451004
11.85416698,134.1300354
11.86250019,134.7747192
11.8708334,134.7210693
11.8791666,134.4435883
11.88749981,134.2073212
11.89583302,134.2783203
11.90416622,134.5539856
11.91250038,134.4383698
11.92083359,134.0364532
11.92916679,134.0570374
11.9375,134.4983521
11.94583321,134.4881287
11.95416641,134.2559357
11.96249962,134.0625153
11.97083378,133.9386444
11.97916698,134.1024323
11.98750019,134.1250763
11.9958334,134.1245422
12.0041666,134.0157471
12.01249981,134.318161
12.02083302,134.182724
12.02916622,134.4117279
12.03750038,133.6820526
12.04583359,134.3366089
12.05416679,133.9037476
12.0625,134.175766
12.07083321,133.6724091
12.07916641,134.1577301
12.08749962,133.7615204
12.09583378,133.5954437
12.10416698,133.857193
12.11250019,133.7566223
12.1208334,134.04216
12.1291666,133.8429871
12.13749981,133.6568756
12.14583302,134.0341492
12.15416622,133.933609
12.16250038,134.0515747
12.17083359,133.8167267
12.17916679,133.9061279
12.1875,134.3764801
12.19583321,133.842865
12.20416641,133.9277191
12.21249962,133.8084564
12.22083378,133.909729
12.22916698,133.8079681
12.23750019,133.5054169
12.2458334,134.1682129
12.2541666,134.4581604
12.26249981,134.1771851
12.27083302,133.8054047
12.27916622,133.6388855
12.28750038,133.3366699
12.29583359,133.5326233
12.30416679,133.5651245
12.3125,133.5828094
12.32083321,133.8824768
12.32916641,133.2971649
12.33749962,133.8782349
12.34583378,133.6043854
12.35416698,133.5111237
12.36250019,133.6984253
12.3708334,133.840744
12.3791666,133.3777008
12.38749981,133.749649
12.39583302,133.493042
12.40416622,133.9899292
12.41250038,133.4587708
12.42083359,133.5782471
12.42916679,133.4566803
12.4375,133.7124939
12.44583321,133.6418457
12.45416641,133.7194214
12.46249962,133.4804688
12.47083378,133.7449493
12.47916698,133.5666656
12.48750019,133.5296021
12.4958334,133.2111359
12.5041666,133.5064697
12.51249981,133.2462311
12.52083302,133.338089
12.52916622,133.5391083
12.53750038,133.1903992
12.54583359,133.4163361
12.55416679,133.4779968
12.5625,133.4012756
12.57083321,133.0020447
12.57916641,133.4403687
12.58749962,133.3776245
12.59583378,133.1645355
12.60416698,133.0314636
12.61250019,133.6056976
12.6208334,133.0501709
12.6291666,133.4451294
12.63749981,132.9291687
12.64583302,133.2056885
12.65416622,133.5314026
12.66250038,133.1035767
12.67083359,133.1378784
12.67916679,133.0398254
12.6875,133.0549774
12.69583321,133.2609711
12.70416641,132.6119843
12.71249962,132.9008942
12.72083378,133.2765961
12.72916698,133.0426483
12.73750019,133.2016602
12.7458334,133.2919922
12.7541666,133.1746674
12.76249981,133.0006866
12.77083302,132.8824463
12.77916622,133.0365601
12.78750038,132.8047333
12.79583359,132.937439
12.80416679,132.9385223
12.8125,133.0706635
12.82083321,132.8809662
12.82916641,132.7954559
12.83749962,132.7593231
12.84583378,132.806778
12.85416698,133.03685
12.86250019,132.7759705
12.8708334,132.9642487
12.8791666,132.977005
12.88749981,132.8773804
12.89583302,133.153656
12.90416622,132.7058868
12.91250038,132.8794861
12.92083359,132.6544189
12.92916679,133.2093964
12.9375,132.677948
12.94583321,132.9358215
12.95416641,132.7080383
12.96249962,132.8565216
12.97083378,132.946701
12.97916698,132.7127838
12.98750019,132.8058167
12.9958334,132.5128784
13.0041666,133.0154419
13.01249981,132.4243622
13.02083302,132.6531067
13.02916622,132.6278076
13.03750038,132.884552
13.04583359,132.9882965
13.05416679,132.6511383
13.0625,132.673584
13.07083321,132.6366882
13.07916641,133.0553131
13.08749962,132.5746002
13.09583378,132.723053
13.10416698,132.4692841
13.11250019,132.3461914
13.1208334,132.5389099
13.1291666,132.3799591
13.13749981,132.3448792
13.14583302,132.5176697
13.15416622,132.6369934
13.16250038,132.5540009
13.17083359,132.5144806
13.17916679,133.0593719
13.1875,132.5698242
13.19583321,132.6271515
13.20416641,132.6294098
13.21249962,132.5633392
13.22083378,132.5540771
13.22916698,132.1046906
13.23750019,132.5508118
13.2458334,132.3702393
13.2541666,132.7049255
13.26249981,132.1010742
13.27083302,131.9124146
13.27916622,132.5341949
13.28750038,132.565979
13.29583359,132.1790924
13.30416679,132.1808472
13.3125,132.5565033
13.32083321,132.4811859
13.32916641,132.556076
13.33749962,132.0254822
13.34583378,132.4571381
13.35416698,132.1966248
13.36250019,132.0960999
13.3708334,132.6632385
13.3791666,132.4577026
13.38749981,132.4284058
13.39583302,132.1846619
13.40416622,132.3705139
13.41250038,131.998642
13.42083359,132.1661987
13.42916679,132.2792969
13.4375,132.6823578
13.44583321,132.4641571
13.45416641,132.1485901
13.46249962,132.2254639
13.47083378,131.8160248
13.47916698,131.8056946
13.48750019,132.2196198
13.4958334,132.3806915
13.5041666,131.9087219
13.51249981,132.1272125
13.52083302,132.2392731
13.52916622,131.9714813
13.53750038,132.0332336
13.54583359,132.0119019
13.55416679,131.8649139
13.5625,132.1862793
13.57083321,132.0480804
13.57916641,131.9825287
13.58749962,132.2071838
13.59583378,131.815094
13.60416698,132.1729279
13.61250019,131.7704926
13.6208334,131.9449921
13.6291666,131.9904785
13.63749981,131.4454651
13.64583302,131.8952179
13.65416622,131.6475372
13.66250038,131.5680847
13.67083359,131.8377991
13.67916679,131.6841431
13.6875,131.8817749
13.69583321,132.0267029
13.70416641,131.8941345
13.71249962,131.9640503
13.72083378,131.8051605
13.72916698,132.2638702
13.73750019,131.8512878
13.7458334,131.5355225
13.7541666,131.6514435
13.76249981,131.6702728
13.77083302,132.1414032
13.77916622,132.2060089
13.78750038,131.9283142
13.79583359,131.7115784
13.80416679,131.6878357
13.8125,131.751709
13.82083321,131.7380981
13.82916641,131.7933197
13.83749962,131.5731201
13.84583378,131.8352509
13.85416698,131.8592682
13.86250019,131.4280548
13.8708334,131.8753967
13.8791666,131.5835266
13.88749981,131.6111145
13.89583302,131.644577
13.90416622,131.8717957
13.91250038,131.5681915
13.92083359,131.6848297
13.92916679,131.5804901
13.9375,131.4541016
13.94583321,132.0135498
13.95416641,130.9767609
13.96249962,131.3039856
13.97083378,131.6495514
13.97916698,131.5431061
13.98750019,131.4586487
13.9958334,131.7945557
14.0041666,131.4725342
14.01249981,131.5974884
14.02083302,131.1984406
14.02916622,131.5331268
14.03750038,131.5671387
14.04583359,131.5372162
14.05416679,131.5666809
14.0625,131.4389343
14.07083321,131.4942169
14.07916641,131.4893341
14.08749962,131.9807587
14.09583378,131.1375427
14.10416698,131.201004
14.11250019,131.3162231
14.1208334,131.7200012
14.1291666,131.5077209
14.13749981,131.6716461
14.14583302,131.5122375
14.15416622,131.3924713
14.16250038,131.6866913
14.17083359,131.1645966
14.17916679,131.5229187
14.1875,131.6407166
14.19583321,131.3704834
14.20416641,131.4528503
14.21249962,131.4300995
14.22083378,131.1189423
14.22916698,131.3424225
14.23750019,131.2487488
14.2458334,131.1402283
14.2541666,131.5914459
14.26249981,131.6070404
14.27083302,131.1822815
14.27916622,130.8001404
14.28750038,131.6415558
14.29583359,130.9100037
14.30416679,131.2026215
14.3125,131.2825775
14.32083321,131.2461395
14.32916641,130.9617615
14.33749962,131.162796
14.34583378,130.8705292
14.35416698,131.1189117
14.36250019,131.3878021
14.3708334,131.1911774
14.3791666,131.2763367
14.38749981,130.9831848
14.39583302,131.1407623
14.40416622,130.9144592
14.41250038,130.8938904
14.42083359,130.6316986
14.42916679,131.281662
14.4375,131.2436523
14.44583321,131.006424
14.45416641,130.8811188
14.46249962,131.0230865
14.47083378,130.9658966
14.47916698,130.9047089
14.48750019,131.2776642
14.4958334,130.8152008
14.5041666,131.2545013
14.51249981,130.9804688
14.52083302,130.559494
14.52916622,130.8097839
14.53750038,130.5752258
14.54583359,130.9891205
14.55416679,131.0374451
14.5625,131.0368805
14.57083321,131.1309357
14.57916641,130.8433685
14.58749962,130.6615448
14.59583378,131.0908203
14.60416698,131.0793304
14.61250019,130.9104614
14.6208334,130.5346985
14.6291666,131.1108246
14.63749981,131.1194763
14.64583302,131.291153
14.65416622,130.9436035
14.66250038,131.105545
14.67083359,130.9870453
14.67916679,130.7079773
14.6875,130.8350372
14.69583321,130.8295746
14.70416641,130.8390045
14.71249962,130.7149658
14.72083378,130.806076
14.72916698,130.8543243
14.73750019,131.2472076
14.7458334,130.9753723
14.7541666,130.9553528
14.76249981,131.0343475
14.77083302,130.924408
14.77916622,130.6438599
14.78750038,130.7114563
14.79583359,130.3528137
14.80416679,131.0692596
14.8125,130.8774109
14.82083321,130.1729736
14.82916641,130.7999725
14.83749962,130.9356537
14.84583378,130.7206726
14.85416698,130.8170166
14.86250019,130.6834412
14.8708334,130.8092804
14.8791666,130.7542572
14.88749981,130.7012329
14.89583302,130.7744446
14.90416622,130.5450745
14.91250038,130.2917938
14.92083359,130.8121185
14.92916679,130.2495575
14.9375,130.4037933
14.94583321,130.62323
14.95416641,130.4202881
14.96249962,130.3875885
14.97083378,131.0232544
14.97916698,130.763031
14.98750019,130.0999298
14.9958334,130.6868286
15.0041666,130.4667816
15.01249981,130.6551666
15.02083302,130.3606567
15.02916622,130.8157501
15.03750038,130.6585846
15.04583359,130.2270508
15.05416679,130.3146057
15.0625,130.5749054
15.07083321,130.3963623
15.07916641,130.2838135
15.08749962,130.5304718
15.09583378,130.250351
15.10416698,130.3341064
15.11250019,130.3713074
15.1208334,130.2050629
15.1291666,130.3350067
15.13749981,130.3505859
15.14583302,130.4463806
15.15416622,130.6772614
15.16250038,130.1417084
15.17083359,130.4899902
15.17916679,130.6318207
15.1875,130.6694336
15.19583321,130.4556885
15.20416641,130.0168915
15.21249962,130.6575775
15.22083378,130.2715607
15.22916698,130.274292
15.23750019,130.1738434
15.2458334,130.0800781
15.2541666,130.3339996
15.26249981,130.5141296
15.27083302,130.5328979
15.27916622,129.9580841
15.28750038,130.0196228
15.29583359,130.4633789
15.30416679,130.2270355
15.3125,130.1088104
15.32083321,130.3196564
15.32916641,130.0562592
15.33749962,130.1257935
15.34583378,130.36026
15.35416698,130.104248
15.36250019,130.0011292
15.3708334,130.4840088
15.3791666,130.053894
15.38749981,129.8788147
15.39583302,130.0405273
15.40416622,130.1451874
15.41250038,129.8245697
15.42083359,129.6763306
15.42916679,129.9238892
15.4375,130.0385895
15.44583321,130.5785522
15.45416641,130.0222473
15.46249962,129.7201691
15.47083378,130.293869
15.47916698,130.1063995
15.48750019,130.2730408
15.4958334,130.2722778
15.5041666,130.0924835
15.51249981,130.2546082
15.52083302,130.0779266
15.52916622,129.7684021
15.53750038,129.6497192
15.54583359,129.8275604
15.55416679,130.0216064
15.5625,130.3971252
15.57083321,129.616272
15.57916641,129.5740814
15.58749962,130.079483
15.59583378,130.1824036
15.60416698,130.4219971
15.61250019,130.0674591
15.6208334,129.8661652
15.6291666,129.9247894
15.63749981,129.6208038
15.64583302,129.7335663
15.65416622,129.6062317
15.66250038,129.8468628
15.67083359,129.8781891
15.67916679,129.8659515
15.6875,129.9193726
15.69583321,129.9381714
15.70416641,129.8898773
15.71249962,129.9611969
15.72083378,129.54216
15.72916698,129.7108307
15.73750019,130.1731873
15.7458334,129.6444855
15.7541666,130.2237396
15.76249981,129.7024994
15.77083302,130.1114655
15.77916622,129.6404877
15.78750038,129.6420288
15.79583359,129.8562317
15.80416679,129.2050629
15.8125,129.5585938
15.82083321,129.7037964
15.82916641,130.0756683
15.83749962,129.4051971
15.84583378,129.5867157
15.85416698,129.6248016
15.86250019,129.6396332
15.8708334,129.525177
15.8791666,130.1494751
15.88749981,130.1094818
15.89583302,129.743103
15.90416622,129.7904053
15.91250038,129.9307709
15.92083359,129.7990112
15.92916679,129.36409
15.9375,129.1155853
15.94583321,129.6839752
15.95416641,129.9034424
15.96249962,129.3977203
15.97083378,129.4508057
15.97916698,129.8111267
15.98750019,129.8087463
15.9958334,129.7169189
16.00416756,129.6849823
16.01250076,129.7174988
16.02083397,129.8366089
16.02916718,129.9543915
16.03750038,129.6759186
16.04583359,129.655426
16.05416679,129.7910156
16.0625,129.6307983
16.07083321,129.47052
16.07916641,129.7067566
16.08749962,129.375
16.09583282,129.611618
16.10416603,129.4483032
16.11249924,129.6712494
16.12083244,129.4501038
16.12916756,129.5929871
16.13750076,129.5550079
16.14583397,129.2369843
16.15416718,129.4674072
16.16250038,129.1590271
16.17083359,129.5531311
16.17916679,129.321701
16.1875,129.257782
16.19583321,129.3516846
16.20416641,129.5626068
16.21249962,129.2892456
16.22083282,129.3658905
16.22916603,129.6121368
16.23749924,129.6022644
16.24583244,129.3710632
16.25416756,129.5411835
16.26250076,129.4876556
16.27083397,129.526886
16.27916718,129.0690308
16.28750038,129.5304871
16.29583359,129.0970764
16.30416679,129.2990265
16.3125,129.4014282
16.32083321,129.0264435
16.32916641,129.5778046
16.33749962,129.2753296
16.34583282,128.8400421
16.35416603,129.0570068
16.36249924,129.5225983
16.37083244,129.3525848
16.37916756,129.1659851
16.38750076,129.2918243
16.39583397,129.1684265
16.40416718,129.8363647
16.41250038,128.9846954
16.42083359,129.0153961
16.42916679,129.2201691
16.4375,129.1416779
16.44583321,129.1285553
16.45416641,128.9148865
16.46249962,128.9401245
16.47083282,128.995163
16.47916603,129.2965393
16.48749924,129.3150482
16.49583244,129.1417236
16.50416756,129.2515106
16.51250076,129.1871796
16.52083397,129.2239075
16.52916718,128.7614441
16.53750038,128.9860687
16.54583359,129.2658386
16.55416679,129.0778351
16.5625,129.0369568
16.57083321,129.5342712
16.57916641,129.5625458
16.58749962,129.0992432
16.59583282,129.2335968
16.60416603,129.0825958
16.61249924,129.0320129
16.62083244,129.1439514
16.62916756,128.9046631
16.63750076,129.0994263
16.64583397,129.192688
16.65416718,129.1239624
16.66250038,128.6007233
16.67083359,129.0665741
16.67916679,129.0171661
16.6875,129.0105591
16.69583321,129.002533
16.70416641,129.0894165
16.71249962,128.9460449
16.72083282,129.0500488
16.72916603,128.6338196
16.73749924,129.2957764
16.74583244,129.3897247
16.75416756,128.9757233
16.76250076,128.9567871
16.77083397,129.0301971
16.77916718,128.9162903
16.78750038,129.2668457
16.79583359,129.0625153
16.80416679,128.960144
16.8125,128.950592
16.82083321,128.8819427
16.82916641,129.1378021
16.83749962,128.6469574
16.84583282,128.5118256
16.85416603,128.992157
16.86249924,128.9172516
16.87083244,129.1143188
16.87916756,128.9081573
16.88750076,128.7811127
16.89583397,129.0852356
16.90416718,129.1504669
16.91250038,129.125946
16.92083359,128.7546082
16.92916679,128.3712616
16.9375,128.8263855
16.94583321,129.0030212
16.95416641,128.9291534
16.96249962,128.9096222
16.97083282,128.7956848
16.97916603,128.6113586
16.98749924,128.8473206
16.99583244,128.7818604
17.00416756,128.6332245
17.01250076,128.7158661
17.02083397,128.8249359
17.02916718,128.841156
17.03750038,128.2854767
17.04583359,128.6159821
17.05416679,128.9207764
17.0625,128.5254364
17.07083321,128.585495
17.07916641,128.8766937
17.08749962,129.1247559
17.09583282,128.5982056
17.10416603,128.9401703
17.11249924,128.826004
17.12083244,128.6806183
17.12916756,128.605423
17.13750076,129.2723236
17.14583397,128.6931458
17.15416718,128.5150604
17.16250038,128.6191101
17.17083359,128.5874786
17.17916679,128.4454041
17.1875,128.7332001
17.19583321,129.3377075
17.20416641,128.6924286
17.21249962,128.7329559
17.22083282,128.524353
17.22916603,128.7479858
17.23749924,128.787262
17.24583244,128.3439941
17.25416756,128.5953064
17.26250076,128.5584564
17.27083397,128.5000305
17.27916718,128.6278534
17.28750038,128.5411377
17.29583359,128.6945801
17.30416679,128.3567047
17.3125,128.2818909
17.32083321,128.5324249
17.32916641,128.6169434
17.33749962,128.5778503
17.34583282,128.6166534
17.35416603,128.6289673
17.36249924,128.624649
17.37083244,128.8824463
17.37916756,128.8510284
17.38750076,128.4698334
17.39583397,128.3311005
17.40416718,128.62117
17.41250038,128.2580719
17.42083359,128.4806671
17.42916679,128.6155243
17.4375,128.6545868
17.44583321,128.3688965
17.45416641,128.5529785
17.46249962,128.4347229
17.47083282,128.4216614
17.47916603,128.556778
17.48749924,128.7076263
17.49583244,128.1030121
17.50416756,128.7045288
17.51250076,128.7096405
17.52083397,128.6082306
17.52916718,128.0912018
17.53750038,128.1676636
17.54583359,128.3909149
17.55416679,128.2583313
17.5625,128.1902161
17.57083321,128.1414795
17.57916641,128.3540649
17.58749962,128.5155182
17.59583282,128.2004242
17.60416603,128.8047791
17.61249924,127.9758987
17.62083244,128.5418854
17.62916756,127.9814377
17.63750076,128.4950714
17.64583397,128.4350586
17.65416718,128.3746643
17.66250038,128.4696503
17.67083359,128.2814484
17.67916679,128.3941345
17.6875,127.8487015
17.69583321,128.0093689
17.70416641,127.9108658
17.71249962,127.9956512
17.72083282,128.4173431
17.72916603,127.9777603
17.73749924,128.3518066
17.74583244,128.276413
17.75416756,128.4723969
17.76250076,128.3079376
17.77083397,127.9338303
17.77916718,128.3535614
17.78750038,128.1359711
17.79583359,128.5425568
17.80416679,128.2222595
17.8125,128.6833954
17.82083321,128.2732391
17.82916641,128.4490509
17.83749962,128.326416
17.84583282,127.8113708
17.85416603,127.7325134
17.86249924,128.4563293
17.87083244,128.0876312
17.87916756,128.1217346
17.88750076,127.9337692
17.89583397,128.1099854
17.90416718,128.0263977
17.91250038,128.0201416
17.92083359,128.0660553
17.92916679,127.7258682
17.9375,128.1381226
17.94583321,128.2678986
17.95416641,127.924057
17.96249962,128.2124939
17.97083282,128.642334
17.97916603,128.1107025
17.98749924,127.7872772
17.99583244,127.7511292
18.00416756,128.2350922
18.01250076,128.2216797
18.02083397,127.8873825
18.02916718,128.0905762
18.03750038,127.9573135
18.04583359,127.591011
18.05416679,128.0532379
18.0625,128.1433105
18.07083321,127.833992
18.07916641,128.1457825
18.08749962,127.7000122
18.09583282,128.0440063
18.10416603,128.0102997
18.11249924,127.8656845
18.12083244,128.1972656
18.12916756,127.8978882
18.13750076,127.8510666
18.14583397,128.1657715
18.15416718,128.3638763
18.16250038,127.7052917
18.17083359,128.0410767
18.17916679,127.8326492
18.1875,128.1026306
18.19583321,127.9424438
18.20416641,128.0654602
18.21249962,127.9897995
18.22083282,127.8082886
18.22916603,127.733902
18.23749924,127.6320953
18.24583244,127.9903488
18.25416756,127.5047226
18.26250076,127.8870392
18.27083397,127.4188766
18.27916718,128.0523529
18.28750038,127.3812943
18.29583359,128.02771
18.30416679,127.9249954
18.3125,127.4657516
18.32083321,127.2160568
18.32916641,127.5694504
18.33749962,127.6048279
18.34583282,127.7128906
18.35416603,127.7949219
18.36249924,128.0809021
18.37083244,127.6240234
18.37916756,127.801178
18.38750076,127.978714
18.39583397,127.7351685
18.40416718,127.7162399
18.41250038,127.4275513
18.42083359,127.8330231
18.42916679,127.6809845
18.4375,127.6026993
18.44583321,127.8120117
18.45416641,127.1012421
18.46249962,127.4993286
18.47083282,127.7098236
18.47916603,127.522377
18.48749924,127.8848801
18.49583244,127.6995392
18.50416756,127.7245712
18.51250076,127.3908768
18.52083397,128.0225525
18.52916718,127.6598587
18.53750038,127.5013504
18.54583359,127.5278015
18.55416679,127.9872513
18.5625,127.7657776
18.57083321,127.3122101
18.57916641,127.7469254
18.58749962,127.6421967
18.59583282,127.8166809
18.60416603,127.8797836
18.61249924,127.2630234
18.62083244,126.7537918
18.62916756,127.3804779
18.63750076,127.4633865
18.64583397,127.4773026
18.65416718,127.7962799
18.66250038,127.7330246
18.67083359,127.4695129
18.67916679,127.7671432
18.6875,127.5815659
18.69583321,127.4326019
18.70416641,127.7108612
18.71249962,127.0577927
18.72083282,127.6900635
18.72916603,127.2638702
18.73749924,127.779274
18.74583244,127.5854721
18.75416756,127.5515671
18.76250076,127.7182388
18.77083397,127.6414413
18.77916718,127.5242538
18.78750038,127.7044601
18.79583359,127.5934296
18.80416679,127.6234055
18.8125,127.1952362
18.82083321,127.3063736
18.82916641,127.3952255
18.83749962,127.2073212
18.84583282,127.4939041
18.85416603,127.1597443
18.86249924,127.3691788
18.87083244,127.4505539
18.87916756,127.4722672
18.88750076,127.3662872
18.89583397,127.3582993
18.90416718,127.5997772
18.91250038,127.5173569
18.92083359,127.4378891
18.92916679,127.6185532
18.9375,127.2489014
18.94583321,127.72258
18.95416641,127.4632339
18.96249962,127.329216
18.97083282,127.1997681
18.97916603,126.9247513
18.98749924,127.6137543
18.99583244,127.7051849
19.00416756,127.5147018
19.01250076,126.9593201
19.02083397,127.2330399
19.02916718,126.8878098
19.03750038,127.481041
19.04583359,127.1105423
19.05416679,127.4440155
19.0625,127.2024384
19.07083321,127.5289841
19.07916641,127.0920486
19.08749962,127.2345505
19.09583282,127.1452484
19.10416603,127.1216278
19.11249924,127.213356
19.12083244,127.2095413
19.12916756,127.3738556
19.13750076,127.032074
19.14583397,126.9538574
19.15416718,127.4909515
19.16250038,127.066925
19.17083359,127.3475266
19.17916679,126.8317566
19.1875,126.9164505
19.19583321,127.3499756
19.20416641,127.7152176
19.21249962,127.5403214
19.22083282,127.2602692
19.22916603,126.9992294
19.23749924,126.9554367
19.24583244,127.3484497
19.25416756,127.3083572
19.26250076,127.0152206
19.27083397,126.9428406
19.27916718,126.8508759
19.28750038,126.9922409
19.29583359,127.2815018
19.30416679,127.029213
19.3125,127.184433
19.32083321,127.1201553
19.32916641,127.2878036
19.33749962,127.1662827
19.34583282,127.0023727
19.35416603,127.0895615
19.36249924,126.9139175
19.37083244,127.3009949
19.37916756,127.2591934
19.38750076,126.8005829
19.39583397,126.9477463
19.40416718,127.2570801
19.41250038,127.0941086
19.42083359,127.1729736
19.42916679,127.046463
19.4375,126.8899307
19.44583321,126.9140701
19.45416641,127.1282883
19.46249962,126.9604416
19.47083282,126.7796936
19.47916603,126.8060989
19.48749924,126.9066772
19.49583244,127.2001114
19.50416756,127.3569183
19.51250076,127.0626221
19.52083397,127.1291046
19.52916718,126.845253
19.53750038,127.3324051
19.54583359,126.919014
19.55416679,126.9672928
19.5625,126.7512741
19.57083321,127.151268
19.57916641,127.0395355
19.58749962,126.3337402
19.59583282,126.6541595
19.60416603,126.8320389
19.61249924,126.8578186
19.62083244,126.935112
19.62916756,127.3490067
19.63750076,126.8479233
19.64583397,126.8658752
19.65416718,126.4984436
19.66250038,126.8374786
19.67083359,126.7800293
19.67916679,126.6542664
19.6875,127.0280914
19.69583321,126.828537
19.70416641,126.919014
19.71249962,126.6033173
19.72083282,126.6925507
19.72916603,126.6425095
19.73749924,127.1373901
19.74583244,126.8029099
19.75416756,126.843956
19.76250076,126.8386993
19.77083397,126.6455765
19.77916718,126.7010269
19.78750038,126.6369247
19.79583359,126.8812256
19.80416679,126.6944122
19.8125,126.4250107
19.82083321,126.5778122
19.82916641,126.8396225
19.83749962,127.022789
19.84583282,126.9299698
19.85416603,126.9050827
19.86249924,126.5408554
19.87083244,127.0086746
19.87916756,126.6789322
19.88750076,127.033844
19.89583397,126.7444763
19.90416718,126.7898712
19.91250038,126.7816849
19.92083359,126.8773804
19.92916679,126.9332199
19.9375,126.7535095
19.94583321,126.6115494
19.95416641,126.6146622
19.96249962,126.8010712
19.97083282,126.7029037
19.97916603,126.9750595
19.98749924,126.4769897
19.99583244,126.9085693
20.00416756,126.7629089
20.01250076,126.9981003
20.02083397,126.4958267
20.02916718,126.6232758
20.03750038,126.4928741
20.04583359,126.7313995
20.05416679,126.3644257
20.0625,126.6023331
20.07083321,126.7444611
20.07916641,126.4901581
20.08749962,126.8045425
20.09583282,126.4591675
20.10416603,126.6723251
20.11249924,126.6444016
20.12083244,126.5336456
20.12916756,126.3634262
20.13750076,126.6482925
20.14583397,127.0064697
20.15416718,126.5757523
20.16250038,127.0518341
20.17083359,126.6921921
20.17916679,126.8421707
20.1875,126.8183441
20.19583321,126.686348
20.20416641,126.646904
20.21249962,126.6413193
20.22083282,126.6277847
20.22916603,126.6840515
20.23749924,126.3496094
20.24583244,126.48806
20.25416756,126.6109314
20.26250076,126.4877472
20.27083397,126.3879242
20.27916718,126.4478531
20.28750038,126.4577484
20.29583359,126.4392166
20.30416679,126.3824234
20.3125,126.4426117
20.32083321,126.5455933
20.32916641,126.3009644
20.33749962,126.3321228
20.34583282,126.512352
20.35416603,126.543045
20.36249924,126.3549652
20.37083244,126.318367
20.37916756,126.2281418
20.38750076,126.4908905
20.39583397,126.4435654
20.40416718,127.0766373
20.41250038,126.5249405
20.42083359,126.6192322
20.42916679,126.544487
20.4375,126.4100952
20.44583321,126.1673431
20.45416641,126.2771606
20.46249962,126.6171951
20.47083282,126.1486969
20.47916603,126.5886688
20.48749924,126.2256927
20.49583244,126.6303482
20.50416756,126.1399536
20.51250076,126.1816788
20.52083397,126.4732056
20.52916718,126.4262238
20.53750038,126.547348
20.54583359,126.2502518
20.55416679,126.4503326
20.5625,126.0518723
20.57083321,126.1758041
20.57916641,126.5283356
20.58749962,126.2524261
20.59583282,125.7617798
20.60416603,126.4719696
20.61249924,126.0536728
20.62083244,125.7160492
20.62916756,126.458168
20.63750076,126.483963
20.64583397,126.4365616
20.65416718,126.5580673
20.66250038,126.5029297
20.67083359,126.5156555
20.67916679,126.2057877
20.6875,126.4402237
20.69583321,125.9124908
20.70416641,126.011116
20.71249962,126.0926437
20.72083282,126.5800781
20.72916603,126.3799057
20.73749924,126.3660202
20.74583244,126.2291794
20.75416756,126.583992
20.76250076,126.4215088
20.77083397,126.3861694
20.77916718,126.4239578
20.78750038,126.6026459
20.79583359,126.3823242
20.80416679,126.0800323
20.8125,126.3717117
20.82083321,126.2613831
20.82916641,126.1738205
20.83749962,126.6470871
20.84583282,126.1343536
20.85416603,126.2404175
20.86249924,126.1827927
20.87083244,126.1471786
20.87916756,126.2521439
20.88750076,126.4741287
20.89583397,125.9932251
20.90416718,126.4882965
20.91250038,126.3740921
20.92083359,126.2629776
20.92916679,125.9146042
20.9375,126.3068771
20.94583321,126.1414108
20.95416641,125.9209824
20.96249962,126.0384445
20.97083282,126.412735
20.97916603,125.9694824
20.98749924,126.3060684
20.99583244,125.8782883
21.00416756,126.0393295
21.01250076,125.9880981
21.02083397,126.2274704
21.02916718,126.2138672
21.03750038,126.2885361
21.04583359,126.130806
21.05416679,126.1358566
21.0625,125.9503784
21.07083321,125.7506638
21.07916641,125.6977158
21.08749962,126.0923309
21.09583282,125.749382
21.10416603,126.0474625
21.11249924,126.1502838
21.12083244,126.0743713
21.12916756,125.7938766
21.13750076,126.0806351
21.14583397,126.3484955
21.15416718,126.1642456
21.16250038,125.9704208
21.17083359,125.9150238
21.17916679,125.9812393
21.1875,126.2142792
21.19583321,125.958252
21.20416641,126.3865662
21.21249962,125.9137955
21.22083282,126.140564
21.22916603,126.0126495
21.23749924,125.9857559
21.24583244,125.9503326
21.25416756,125.9662247
21.26250076,125.7386093
21.27083397,125.8309784
21.27916718,126.1274948
21.28750038,126.1247406
21.29583359,126.2144318
21.30416679,126.2710114
21.3125,126.1573257
21.32083321,125.8805847
21.32916641,125.9933701
21.33749962,125.8123245
21.34583282,126.1137695
21.35416603,126.1500702
21.36249924,125.7625351
21.37083244,126.0037842
21.37916756,125.9745636
21.38750076,126.1008377
21.39583397,126.0675507
21.40416718,126.0799637
21.41250038,126.2262726
21.42083359,125.8606033
21.42916679,125.8058395
21.4375,126.1091843
21.44583321,125.9762955
21.45416641,126.0398178
21.46249962,126.3511963
21.47083282,125.8108292
21.47916603,125.9907303
21.48749924,125.7722244
21.49583244,126.0802155
21.50416756,126.3271866
21.51250076,126.1133728
21.52083397,126.004425
21.52916718,125.9620667
21.53750038,125.5450516
21.54583359,125.9935913
21.55416679,125.7094574
21.5625,125.9161835
21.57083321,125.6813889
21.57916641,125.8233032
21.58749962,125.9922943
21.59583282,125.7915802
21.60416603,125.6718063
21.61249924,125.9484863
21.62083244,126.1193924
21.62916756,126.1166916
21.63750076,125.9928665
21.64583397,125.3222351
21.65416718,125.7078171
21.66250038,125.9621048
21.67083359,125.7961273
21.67916679,125.5856934
21.6875,125.6435928
21.69583321,125.7284012
21.70416641,125.6915207
21.71249962,125.5434036
21.72083282,125.9231873
21.72916603,125.9971848
21.73749924,125.7581253
21.74583244,125.7924118
21.75416756,125.6379776
21.76250076,125.3009567
21.77083397,125.8825378
21.77916718,125.8437195
21.78750038,126.1292419
21.79583359,125.7139893
21.80416679,125.7784042
21.8125,125.7667389
21.82083321,125.5839767
21.82916641,125.719635
21.83749962,125.9666672
21.84583282,125.4958038
21.85416603,125.6809082
21.86249924,126.036705
21.87083244,125.7088013
21.87916756,125.7872314
21.88750076,125.8427048
21.89583397,125.8635788
21.90416718,125.7181931
21.91250038,125.7055435
21.92083359,126.0459137
21.92916679,125.7962418
21.9375,125.2336044
21.94583321,125.3692627
21.95416641,125.6794662
21.96249962,125.7591553
21.97083282,125.6876144
21.97916603,125.8596191
21.98749924,125.7379074
21.99583244,125.6846161
22.00416756,125.7093735
22.01250076,125.7035751
22.02083397,125.6029434
22.02916718,125.5299301
22.03750038,125.4755096
22.04583359,125.7802582
22.05416679,125.644371
22.0625,125.5502396
22.07083321,125.4861374
22.07916641,125.7160873
22.08749962,125.499176
22.09583282,125.9313354
22.10416603,125.3960419
22.11249924,125.8311691
22.12083244,125.352066
22.12916756,125.2046204
22.13750076,125.6478424
22.14583397,125.3852081
22.15416718,125.4194946
22.16250038,125.4703979
22.17083359,125.9111481
22.17916679,125.3722458
22.1875,125.5497055
22.19583321,125.5852737
22.20416641,125.5622787
22.21249962,125.7088928
22.22083282,125.6229553
22.22916603,125.7722855
22.23749924,125.4229965
22.24583244,126.0239639
22.25416756,125.5909195
22.26250076,125.646637
22.27083397,125.5107193
22.27916718,125.4190826
22.28750038,125.6106186
22.29583359,125.3695602
22.30416679,125.9704971
22.3125,125.4995499
22.32083321,125.4631729
22.32916641,125.5722351
22.33749962,125.3101501
22.34583282,125.2820358
22.35416603,125.0612869
22.36249924,125.2982483
22.37083244,125.1535263
22.37916756,125.4576721
22.38750076,125.496582
22.39583397,125.5723114
22.40416718,125.6663666
22.41250038,124.8439102
22.42083359,125.8473816
22.42916679,125.3345032
22.4375,125.6316452
22.44583321,125.4379425
22.45416641,125.1776199
22.46249962,125.563324
22.47083282,125.602272
22.47916603,125.8143005
22.48749924,125.6406937
22.49583244,125.2470322
22.50416756,125.5273666
22.51250076,125.4483185
22.52083397,125.303688
22.52916718,125.5431213
22.53750038,124.9349899
22.54583359,125.3222656
22.55416679,125.4705963
22.5625,125.4932022
22.57083321,125.4344406
22.57916641,125.6176376
22.58749962,125.510704
22.59583282,125.2687607
22.60416603,125.6734009
22.61249924,125.6537323
22.62083244,125.4239502
22.62916756,125.5255356
22.63750076,125.5289307
22.64583397,125.3855057
22.65416718,125.2153778
22.66250038,125.5945587
22.67083359,125.641777
22.67916679,125.5999527
22.6875,125.3300629
22.69583321,125.1021042
22.70416641,125.2380447
22.71249962,125.1953812
22.72083282,125.4970703
22.72916603,125.5804291
22.73749924,125.0967865
22.74583244,125.8033829
22.75416756,125.3109589
22.76250076,125.4006653
22.77083397,124.8033371
22.77916718,125.1123276
22.78750038,125.4032974
22.79583359,125.8735046
22.80416679,125.611824
22.8125,125.4109573
22.82083321,125.5778351
22.82916641,125.1950531
22.83749962,125.2888031
22.84583282,125.4783401
22.85416603,125.2616653
22.86249924,125.3152313
22.87083244,125.1644669
22.87916756,125.4448166
22.88750076,125.2074661
22.89583397,125.1807632
22.90416718,125.1594238
22.91250038,125.6240311
22.92083359,125.6394119
22.92916679,124.8876419
22.9375,125.4566574
22.94583321,124.949295
22.95416641,124.9848633
22.96249962,124.9047318
22.97083282,125.3657227
22.97916603,124.8939819
22.98749924,125.0481491
22.99583244,125.0362549
23.00416756,125.2611313
23.01250076,125.1373596
23.02083397,125.4146423
23.02916718,125.0043335
23.03750038,124.8255386
23.04583359,124.8538513
23.05416679,125.285553
23.0625,125.4376602
23.07083321,125.2091064
23.07916641,125.1689529
23.08749962,124.9285126
23.09583282,125.2621231
23.10416603,124.7920151
23.11249924,125.5065079
23.12083244,125.521347
23.12916756,125.1552734
23.13750076,124.6587982
23.14583397,125.023262
23.15416718,125.3857498
23.16250038,125.0366745
23.17083359,125.1231995
23.17916679,125.3233566
23.1875,125.1512451
23.19583321,125.2493896
23.20416641,124.9790115
23.21249962,125.1629257
23.22083282,125.2820663
23.22916603,125.2275238
23.23749924,124.8494034
23.24583244,124.9534683
23.25416756,125.3909607
23.26250076,124.9598923
23.27083397,125.1216812
23.27916718,125.2848511
23.28750038,125.1541977
23.29583359,125.4281235
23.30416679,125.0015793
23.3125,125.0651016
23.32083321,125.1034851
23.32916641,125.0162582
23.33749962,125.1399536
23.34583282,124.6565704
23.35416603,125.5884781
23.36249924,124.8790054
23.37083244,125.1817474
23.37916756,125.2424698
23.38750076,125.0622711
23.39583397,124.8287354
23.40416718,125.1553879
23.41250038,124.6928787
23.42083359,124.983078
23.42916679,125.1481628
23.4375,125.0555801
23.44583321,124.8262405
23.45416641,125.3313751
23.46249962,124.9143066
23.47083282,124.4349213
23.47916603,124.9789505
23.48749924,125.0356445
23.49583244,124.8641891
23.50416756,125.1709595
23.51250076,124.7114944
23.52083397,125.3237305
23.52916718,124.7544174
23.53750038,125.4228821
23.54583359,125.0825043
23.55416679,125.340271
23.5625,124.8503418
23.57083321,125.0586929
23.57916641,124.9965973
23.58749962,125.0146027
23.59583282,124.7839508
23.60416603,124.9554749
23.61249924,125.2835999
23.62083244,124.6537552
23.62916756,124.6947632
23.63750076,124.9255753
23.64583397,124.9995804
23.65416718,124.8317184
23.66250038,124.8502426
23.67083359,125.1051559
23.67916679,124.7939072
23.6875,124.9326248
23.69583321,124.7436371
23.70416641,124.8899689
23.71249962,125.2979202
23.72083282,125.1311569
23.72916603,124.5830841
23.73749924,124.9929886
23.74583244,124.9874344
23.75416756,125.0379562
23.76250076,124.5538559
23.77083397,124.8873596
23.77916718,125.1238556
23.78750038,124.9802628
23.79583359,124.5363693
23.80416679,124.914711
23.8125,124.8129272
23.82083321,124.8799438
23.82916641,125.0393524
23.83749962,124.7785416
23.84583282,124.4412231
23.85416603,124.8484344
23.86249924,124.8308563
23.87083244,124.6990509
23.87916756,124.6672668
23.88750076,124.3486252
23.89583397,124.7491455
23.90416718,125.0250168
23.91250038,124.563942
23.92083359,124.5689011
23.92916679,124.6556625
23.9375,124.8100586
23.94583321,124.8543625
23.95416641,124.7903519
23.96249962,125.0103149
23.97083282,124.9302673
23.97916603,124.8510895
23.98749924,124.766922
23.99583244,124.7313538
24.00416756,124.4264679
24.01250076,125.2595215
24.02083397,124.7552109
24.02916718,125.3247833
24.03750038,124.5744629
24.04583359,124.7855148
24.05416679,124.5996628
24.0625,124.9344254
24.07083321,124.8928223
24.07916641,124.838356
24.08749962,124.8457642
24.09583282,125.1212234
24.10416603,124.9563751
24.11249924,124.5860214
24.12083244,124.6253128
24.12916756,124.8315201
24.13750076,124.5771408
24.14583397,124.685585
24.15416718,124.6213913
24.16250038,124.8986359
24.17083359,124.7437134
24.17916679,124.6583557
24.1875,124.5195313
24.19583321,124.6608047
24.20416641,124.5413513
24.21249962,124.66008
24.22083282,124.4175568
24.22916603,124.8146286
24.23749924,124.5610886
24.24583244,124.7077789
24.25416756,124.5449905
24.26250076,124.5731125
24.27083397,124.6799927
24.27916718,124.7378082
24.28750038,124.8258514
24.29583359,124.7950439
24.30416679,124.6215591
24.3125,124.9541397
24.32083321,124.6918106
24.32916641,124.782402
24.33749962,124.8748474
24.34583282,124.7865372
24.35416603,124.6082382
24.36249924,124.4778214
24.37083244,124.9810715
24.37916756,124.745369
24.38750076,124.5202255
24.39583397,124.2765427
24.40416718,124.7632217
24.41250038,124.9382858
24.42083359,125.0133362
24.42916679,124.1498795
24.4375,124.6209869
24.44583321,124.7677078
24.45416641,124.5690918
24.46249962,124.9061279
24.47083282,124.5721283
24.47916603,124.5533524
24.48749924,124.5299683
24.49583244,124.6422806
24.50416756,124.5163803
24.51250076,124.9304504
24.52083397,124.5702286
24.52916718,124.9771347
24.53750038,124.3538742
24.54583359,124.4361038
24.55416679,124.6385956
24.5625,124.5060883
24.57083321,124.4995117
24.57916641,124.7534485
24.58749962,124.4980927
24.59583282,124.6598587
24.60416603,124.6114273
24.61249924,124.5767288
24.62083244,124.4180756
24.62916756,124.9269562
24.63750076,124.5783157
24.64583397,124.1091232
24.65416718,124.4840088
24.66250038,124.4467926
24.67083359,124.3137131
24.67916679,125.0763855
24.6875,124.7013321
24.69583321,124.2383804
24.70416641,124.4532089
24.71249962,124.3659439
24.72083282,124.7555008
24.72916603,124.5899277
24.73749924,125.0154495
24.74583244,124.689949
24.75416756,124.3756485
24.76250076,124.5069199
24.77083397,124.1765366
24.77916718,124.2005997
24.78750038,124.3730469
24.79583359,124.5438232
24.80416679,124.3545227
24.8125,124.5384979
24.82083321,124.707283
24.82916641,124.4237976
24.83749962,124.9483337
24.84583282,124.5357971
24.85416603,124.9890823
24.86249924,124.1913528
24.87083244,124.7934723
24.87916756,124.3800125
24.88750076,124.5943985
24.89583397,124.3376541
24.90416718,124.4899826
24.91250038,124.3583832
24.92083359,124.5022049
24.92916679,124.5057983
24.9375,124.3572235
24.94583321,124.6096954
24.95416641,124.2548065
24.96249962,124.5343628
24.97083282,124.5691757
24.97916603,124.5399399
24.98749924,124.7637939
24.99583244,124.6851044
25.00416756,124.594101
25.01250076,124.6217117