5a,
Time (min),Intensity (a.u.)
0.000833333,349.3439636
0.0025,347.7956238
0.004166667,348.9119568
0.005833333,350.0900879
0.0075,348.1114197
0.009166667,350.7507935
0.010833334,349.2688293
0.0125,349.5507202
0.014166667,351.1486206
0.015833333,348.1355896
0.017500002,347.9916992
0.019166667,350.106842
0.020833334,348.3053894
0.022500001,347.4203186
0.024166668,348.3600159
0.025833335,347.9598083
0.0275,347.7730713
0.029166667,348.4403992
0.030833334,347.0337219
0.032500003,350.5776672
0.034166668,347.3972778
0.035833336,347.7566528
0.037500001,348.1048279
0.03916667,349.7962646
0.040833335,348.8256531
0.0425,347.4314575
0.044166669,347.699585
0.045833334,346.977356
0.047500003,347.3357544
0.049166668,349.0134583
0.050833333,348.1531067
0.052500002,348.5796814
0.054166667,350.278717
0.055833336,348.4343872
0.057500001,347.9273071
0.059166666,348.6945496
0.060833335,349.5328979
0.0625,347.8308716
0.064166673,348.6366577
0.065833338,348.0486145
0.067500003,348.0761414
0.069166668,346.8525085
0.070833333,346.7931213
0.072499998,347.5150146
0.07416667,346.3643188
0.075833336,350.1918945
0.077500001,347.6965637
0.079166666,347.7458496
0.080833331,348.0626831
0.082500003,346.2912598
0.084166668,346.2973328
0.085833333,348.9922485
0.087499999,350.1177979
0.089166664,348.1517944
0.090833336,348.9505005
0.092500001,346.8800964
0.094166666,347.2006836
0.095833331,347.1307373
0.097499996,347.4373779
0.099166669,348.9000244
0.100833334,348.7845764
0.102499999,348.7340393
0.104166664,350.0201721
0.105833329,348.696167
0.107500002,346.3021545
0.109166667,348.2200928
0.110833332,347.5431519
0.112499997,348.7515564
0.114166662,347.4848633
0.115833335,348.6584778
0.1175,348.3709717
0.119166665,346.9840698
0.12083333,346.7487183
0.122499995,347.2423096
0.124166675,349.8355713
0.125833333,347.3710022
0.127499998,347.5400391
0.129166663,349.8152466
0.130833328,345.888092
0.132500008,347.9526978
0.134166673,349.0555725
0.135833338,348.2885132
0.137500003,346.7281799
0.139166668,348.2047424
0.140833333,346.9386597
0.142499998,346.9850159
0.144166678,348.0614014
0.145833328,348.4078369
0.147500008,347.7791138
0.149166659,348.2113953
0.150833339,348.2450256
0.152500004,348.7006226
0.154166669,348.6187744
0.155833334,347.2386169
0.157499999,348.5638733
0.159166664,346.6332092
0.160833344,347.433136
0.162499994,346.0994263
0.164166674,347.7029724
0.165833324,345.6396484
0.167500004,347.1604614
0.169166669,347.6158447
0.170833334,348.2720032
0.172499999,346.8348999
0.174166665,347.0499573
0.17583333,347.5241089
0.17750001,349.3375549
0.17916666,346.5054626
0.18083334,349.1534119
0.18249999,346.9507751
0.18416667,348.2142944
0.18583335,346.747345
0.1875,347.7505188
0.18916668,347.3898926
0.19083333,347.3786926
0.19250001,347.3745728
0.194166675,346.5805664
0.19583334,348.9780884
0.197500005,347.3433838
0.19916667,347.3081665
0.200833336,347.0698242
0.202500016,347.9533691
0.204166666,348.0754089
0.205833346,350.0264893
0.207499996,348.06604
0.209166676,347.2486572
0.210833341,347.9231262
0.212500006,345.9061584
0.214166671,347.1694946
0.215833336,348.4891663
0.217500001,349.308136
0.219166681,346.7697144
0.220833331,346.7437134
0.222500011,345.9884338
0.224166662,347.4729004
0.225833342,347.4404602
0.227500007,347.4077148
0.229166672,349.9355774
0.230833337,348.7033081
0.232500002,346.6166992
0.234166667,348.0532532
0.235833347,347.034729
0.237499997,347.0733032
0.239166677,346.2747192
0.240833327,346.2450562
0.242500007,349.1717529
0.244166672,348.447937
0.245833337,349.4339905
0.247500002,347.2233582
0.249166668,347.2674866
0.250833333,347.3226318
0.252499998,348.0343933
0.254166663,344.8055725
0.255833328,348.2319031
0.257499993,349.2279053
0.259166658,349.3399353
0.260833353,347.8534851
0.262499988,348.5917358
0.264166683,347.3646545
0.265833318,348.6148987
0.267500013,347.3244934
0.269166648,347.4585571
0.270833343,347.1075134
0.272500008,348.757843
0.274166673,348.4259033
0.275833339,347.5666504
0.277500004,348.8800659
0.279166669,348.8178101
0.280833334,347.7491455
0.282499999,347.8152771
0.284166694,346.1757507
0.285833329,348.362915
0.287499994,347.6030579
0.289166659,348.201416
0.290833354,348.5063171
0.292500019,345.7088928
0.294166654,346.8572388
0.295833319,347.2319031
0.297500014,347.5643311
0.299166679,345.75177
0.300833345,347.09198
0.30249998,348.177063
0.304166675,348.4729309
0.30583334,347.3720703
0.307500005,347.3620605
0.3091667,346.0453491
0.310833335,347.381958
0.3125,348.0394287
0.314166665,347.3588257
0.31583336,348.2570801
0.317500025,348.7726746
0.31916666,347.3000488
0.320833325,346.25177
0.32250002,345.9169617
0.324166685,346.5708618
0.32583335,347.1110535
0.327499986,346.0372925
0.329166681,347.9225769
0.330833346,345.7693481
0.332500011,347.0941772
0.334166676,349.0719604
0.335833341,345.9567871
0.337500006,347.3348083
0.339166671,346.4847412
0.340833336,346.4189148
0.342500031,345.8016052
0.344166666,347.1972656
0.345833331,346.9616089
0.347499996,348.0753174
0.349166691,347.245636
0.350833356,347.0031433
0.352499992,346.3815308
0.354166657,346.7185364
0.355833352,348.2017517
0.357500017,347.6599426
0.359166682,347.0082397
0.360833317,346.8901672
0.362500012,345.7763672
0.364166677,346.4613342
0.365833342,346.6459961
0.367500007,347.9756775
0.369166672,348.0147705
0.370833337,347.5360718
0.372500002,348.3164673
0.374166668,348.2115784
0.375833362,346.7790527
0.377499998,347.7357483
0.379166663,348.3819885
0.380833328,346.8992004
0.382500023,346.952301
0.384166688,346.5700684
0.385833323,348.4140625
0.387499988,348.7211304
0.389166683,346.1325073
0.390833348,347.8433228
0.392500013,347.1916809
0.394166648,348.4647522
0.395833343,347.6655273
0.397500008,347.1209412
0.399166673,348.6505432
0.400833339,347.3042297
0.402500004,347.6072998
0.404166669,346.6229248
0.405833334,347.0751648
0.407499999,346.7349548
0.409166694,348.2190857
0.410833329,347.1871643
0.412499994,348.0183716
0.414166659,347.586792
0.415833354,346.2851563
0.417500019,347.8310852
0.419166654,344.5961609
0.420833319,347.6548157
0.422500014,347.9295044
0.424166679,346.6407776
0.425833345,346.9251099
0.42749998,347.7191162
0.429166675,346.2917175
0.43083334,346.0267029
0.432500005,347.4545593
0.4341667,346.382019
0.435833335,347.947998
0.4375,347.4860229
0.439166665,349.4697876
0.44083336,345.2667847
0.442500025,346.8468933
0.44416666,347.0212708
0.445833325,344.8467102
0.44750002,346.8390198
0.449166685,347.0074463
0.45083335,347.9759827
0.452499986,347.9038086
0.454166681,346.8709412
0.455833346,349.583252
0.457500011,348.2105103
0.459166676,348.2423706
0.460833341,346.1246643
0.462500006,348.5914917
0.464166671,348.0350037
0.465833336,347.0223999
0.467500031,346.1502686
0.469166666,348.1800537
0.470833331,346.8176575
0.472499996,347.1015625
0.474166691,349.0662231
0.475833356,347.5063477
0.477499992,347.0742493
0.479166657,348.1925049
0.480833352,348.8036804
0.482500017,347.4289246
0.484166682,347.1552429
0.485833317,347.6521912
0.487500012,348.0521851
0.489166677,347.1230164
0.490833342,348.6629028
0.492500007,348.2345581
0.494166672,346.3925476
0.495833337,348.7178345
0.497500002,347.2349548
0.499166668,346.4294128
0.500833333,349.4172668
0.502499998,346.6005249
0.504166663,346.6200256
0.505833328,346.8323669
0.507499993,348.7219543
0.509166658,347.776947
0.510833323,345.7320557
0.512499988,346.6549072
0.514166653,347.0652466
0.515833318,347.3045349
0.517500043,345.2709656
0.519166648,347.2049866
0.520833314,347.6228638
0.522499979,348.3338928
0.524166703,348.0044556
0.525833368,348.0042114
0.527499974,348.0336609
0.529166639,346.8466492
0.530833364,346.1932068
0.532500029,347.8066711
0.534166634,345.9916382
0.535833359,348.824585
0.537500024,348.8194275
0.539166689,346.6179504
0.540833354,347.6044312
0.54249996,346.936615
0.544166684,348.8778076
0.545833349,347.7783813
0.547500014,346.9822388
0.549166679,347.3398132
0.550833345,347.5143127
0.55250001,346.8658447
0.554166675,347.5810852
0.555833399,347.4879456
0.557500005,348.0663147
0.55916667,348.7081299
0.560833335,346.7052307
0.5625,345.8901367
0.564166725,347.4964905
0.56583333,348.6576843
0.567499995,349.1361694
0.56916672,347.9296875
0.570833325,348.4375
0.57250005,346.8285522
0.574166656,348.749115
0.575833321,348.2220154
0.577500045,349.0337219
0.579166651,347.4324341
0.580833376,346.2460022
0.582500041,348.5018005
0.584166646,347.9889832
0.585833371,346.1556396
0.587499976,348.5847473
0.589166701,348.0289001
0.590833366,348.8414001
0.592499971,348.5133362
0.594166696,346.432373
0.595833361,347.3048401
0.597500026,348.276947
0.599166691,347.630249
0.600833297,349.0050659
0.602500022,348.4458923
0.604166687,347.3639832
0.605833352,348.6191711
0.607500017,347.5333557
0.609166682,347.8658142
0.610833347,347.803833
0.612500012,348.4563904
0.614166677,347.2182312
0.615833342,346.9706421
0.617500007,348.3610535
0.619166672,347.0804749
0.620833337,347.5450134
0.622500062,348.6411438
0.624166668,348.3401794
0.625833333,348.1182251
0.627499998,346.3063354
0.629166663,346.9767761
0.630833387,347.2534485
0.632499993,349.0316162
0.634166658,349.2518311
0.635833383,348.4644165
0.637499988,346.9282837
0.639166713,346.2398987
0.640833318,347.8154297
0.642499983,346.5773315
0.644166708,347.7271729
0.645833314,348.3806763
0.647500038,346.3127441
0.649166703,349.5635681
0.650833309,347.5360413
0.652500033,348.6849365
0.654166639,349.2836304
0.655833364,347.4273682
0.657500029,349.4870911
0.659166634,345.3740234
0.660833359,346.7956848
0.662500024,347.4292603
0.664166689,347.1678467
0.665833354,347.6442566
0.66749996,347.2769775
0.669166684,347.7053223
0.670833349,347.18573
0.672500014,346.7255249
0.674166679,348.3092346
0.675833345,346.9635315
0.67750001,346.8760986
0.679166675,348.139801
0.680833399,346.3067932
0.682500005,348.8344727
0.68416667,348.3193665
0.685833335,347.5057068
0.6875,346.4742432
0.689166725,346.4446106
0.69083333,346.9989929
0.692499995,347.9865112
0.69416672,347.5663452
0.695833325,344.8419495
0.69750005,347.1308899
0.699166656,347.8403931
0.700833321,346.3365784
0.702500045,349.0704041
0.704166651,345.5663147
0.705833376,349.8693542
0.707500041,349.9889221
0.709166646,346.5653687
0.710833371,347.3627014
0.712499976,347.1985779
0.714166701,347.6392517
0.715833366,347.0426331
0.717499971,349.9425964
0.719166696,346.6162415
0.720833361,347.7286377
0.722500026,347.8493347
0.724166691,347.4536438
0.725833297,346.6676025
0.727500022,348.7953796
0.729166687,347.2848816
0.730833352,348.5159912
0.732500017,347.754364
0.734166682,344.1019287
0.735833347,348.307251
0.737500012,346.2513733
0.739166677,348.7806396
0.740833342,348.627655
0.742500007,348.1801147
0.744166672,348.7434692
0.745833337,347.8936462
0.747500062,346.8329163
0.749166668,345.9168091
0.750833333,348.4469604
0.752499998,349.24646
0.754166663,348.435791
0.755833387,347.3270569
0.757499993,349.4102478
0.759166658,347.5502014
0.760833383,346.0115967
0.762499988,347.9838867
0.764166713,350.1544495
0.765833318,347.5263672
0.767499983,345.9090576
0.769166708,348.3192139
0.770833314,348.845459
0.772500038,348.1792908
0.774166703,348.666748
0.775833309,348.7518616
0.777500033,347.3588867
0.779166639,347.7252808
0.780833364,349.5706177
0.782500029,349.2110901
0.784166634,349.8213501
0.785833359,347.1012573
0.787500024,348.4621277
0.789166689,347.3665771
0.790833354,348.3037109
0.79249996,348.9725342
0.794166684,349.3789673
0.795833349,347.3869019
0.797500014,347.5741272
0.799166679,349.4535217
0.800833345,347.9359741
0.80250001,347.4351196
0.804166675,348.0063477
0.805833399,346.670166
0.807500005,347.3313293
0.80916667,349.0632629
0.810833335,348.965332
0.8125,348.6988525
0.814166725,347.303772
0.81583333,347.6700134
0.817499995,347.6235962
0.81916672,347.7112122
0.820833325,346.7764282
0.82250005,350.2315063
0.824166656,348.5062866
0.825833321,347.3702393
0.827500045,346.8111877
0.829166651,346.3444824
0.830833376,348.374054
0.832500041,350.1557617
0.834166646,347.0817871
0.835833371,348.3087158
0.837499976,350.4491577
0.839166701,347.7481995
0.840833366,348.0785828
0.842499971,347.8745117
0.844166696,347.7884827
0.845833361,347.9425049
0.847500026,345.9757996
0.849166691,347.6615295
0.850833297,346.3705139
0.852500022,351.3879089
0.854166687,348.0569153
0.855833352,347.2819519
0.857500017,349.1821594
0.859166682,349.0826111
0.860833347,349.1457214
0.862500012,348.0508118
0.864166677,348.1613464
0.865833342,348.5315857
0.867500007,350.164093
0.869166672,347.8497009
0.870833337,348.8457642
0.872500062,349.21698
0.874166668,348.1590271
0.875833333,349.8970337
0.877499998,347.8095398
0.879166663,349.2980042
0.880833387,352.1400146
0.882499993,348.2409363
0.884166658,348.1725769
0.885833383,347.7155762
0.887499988,347.0765381
0.889166713,348.7062683
0.890833318,347.7281799
0.892499983,348.1688538
0.894166708,348.5891113
0.895833314,347.8724365
0.897500038,348.0541382
0.899166703,348.081665
0.900833309,347.218811
0.902500033,347.6846924
0.904166639,347.064209
0.905833364,348.4701843
0.907500029,349.7905884
0.909166634,350.4975281
0.910833359,348.9455566
0.912500024,348.9792786
0.914166689,349.0970154
0.915833354,348.2138367
0.91749996,346.6567078
0.919166684,347.5476685
0.920833349,348.0317688
0.922500014,350.4528809
0.924166679,347.6184998
0.925833345,350.0058594
0.92750001,347.9411316
0.929166675,346.835022
0.930833399,347.308136
0.932500005,349.7265625
0.93416667,346.6470337
0.935833335,348.686615
0.9375,347.8963928
0.939166725,347.5506897
0.94083333,346.4890442
0.942499995,350.4743958
0.94416672,347.9318848
0.945833325,347.2276611
0.94750005,347.5853271
0.949166656,350.2515259
0.950833321,348.1061707
0.952500045,349.4242249
0.954166651,349.4751282
0.955833376,349.2389832
0.957500041,347.3512573
0.959166646,348.1841125
0.960833371,348.7131042
0.962499976,347.5940857
0.964166701,348.7225952
0.965833366,347.6253662
0.967499971,349.809021
0.969166696,347.9331055
0.970833361,346.9972229
0.972500026,349.1434326
0.974166691,346.8605957
0.975833297,348.0041199
0.977500022,349.287384
0.979166687,349.2207947
0.980833352,349.8355103
0.982500017,349.3016663
0.984166682,348.0084229
0.985833347,348.2611694
0.987500012,349.2712402
0.989166677,347.494812
0.990833342,347.9889221
0.992500007,349.5804443
0.994166672,348.4544983
0.995833337,352.4832764
0.997500062,348.0002136
0.999166668,348.1185608
1.000833273,347.5516663
1.002500057,349.2967529
1.004166722,349.6069336
1.005833387,347.6777039
1.007500052,349.9817505
1.009166598,347.8933716
1.010833383,349.9853516
1.012500048,347.7719116
1.014166713,346.6845398
1.015833378,348.6867065
1.017500043,347.3822327
1.019166708,347.8158875
1.020833373,349.4011841
1.022500038,349.1921997
1.024166703,348.0139465
1.025833368,349.2866516
1.027500033,347.2528687
1.029166698,346.506134
1.030833364,348.3192749
1.032500029,347.0832825
1.034166694,345.9936829
1.035833359,347.3860474
1.037500024,346.8592224
1.039166689,349.5283203
1.040833354,348.2555237
1.042500019,346.466156
1.044166684,348.6933899
1.045833349,348.5433655
1.047500014,349.8526306
1.049166679,348.2952881
1.050833344,349.0355835
1.05250001,347.4911499
1.054166675,349.6326904
1.05583334,347.3346252
1.057500005,346.9762878
1.05916667,349.0372925
1.060833335,348.9963684
1.0625,347.3356628
1.064166665,348.2986755
1.06583333,346.8840027
1.067499995,348.6006775
1.06916666,347.3608704
1.070833325,347.6622925
1.07249999,348.3185425
1.074166775,347.3587952
1.07583344,347.5658264
1.077499986,347.5820007
1.079166651,346.5367126
1.080833316,347.0127258
1.0825001,348.3479309
1.084166765,347.3697205
1.085833311,347.6626587
1.087499976,346.9258423
1.089166641,349.534729
1.090833426,349.7497253
1.092500091,348.8469849
1.094166636,347.2667847
1.095833302,348.110199
1.097499967,347.1547852
1.099166751,348.5663452
1.100833416,346.0044861
1.102500081,347.3961182
1.104166627,348.0369873
1.105833292,348.3825073
1.107500076,347.8806763
1.109166741,349.0809326
1.110833406,349.4020691
1.112499952,348.8058777
1.114166617,347.5892639
1.115833402,348.695343
1.117500067,347.0278931
1.119166732,347.6476746
1.120833278,349.8848877
1.122499943,349.5455933
1.124166727,349.8239136
1.125833392,348.5115356
1.127500057,350.7886047
1.129166722,348.8245544
1.130833268,347.8381958
1.132500052,347.5799255
1.134166718,349.2008972
1.135833383,349.5687866
1.137500048,348.2156677
1.139166594,348.7961731
1.140833378,347.2681885
1.142500043,349.3581238
1.144166708,346.6427002
1.145833373,348.7637634
1.147499919,348.6027527
1.149166703,348.3648071
1.150833368,348.1382141
1.152500033,345.0156555
1.154166698,347.0791321
1.155833364,348.8091736
1.157500029,348.4363708
1.159166694,348.9247131
1.160833359,346.9936218
1.162500024,348.827301
1.164166689,346.5562134
1.165833354,347.5081482
1.167500019,347.6074219
1.169166684,346.8283997
1.170833349,347.9029846
1.172500014,347.4216003
1.174166799,350.3340149
1.175833344,347.679657
1.17750001,349.3041382
1.179166675,348.1030884
1.18083334,349.4728699
1.182500124,347.1681824
1.18416667,348.2176819
1.185833335,347.2574768
1.1875,346.9710693
1.189166665,346.3675232
1.190833449,348.7328796
1.192499995,348.3321838
1.19416666,348.1563721
1.195833325,349.9031067
1.19749999,349.9710999
1.199166775,348.1216125
1.20083344,349.0664978
1.202499986,348.4020691
1.204166651,347.5563354
1.205833316,350.4437866
1.2075001,348.8419495
1.209166765,347.8399963
1.210833311,350.6470642
1.212499976,349.0561523
1.214166641,348.3635254
1.215833426,348.8869934
1.217500091,348.7528076
1.219166636,347.7593079
1.220833302,346.7264404
1.222499967,347.5236511
1.224166751,348.8002625
1.225833416,348.3640442
1.227500081,348.2589417
1.229166627,348.7061462
1.230833292,348.5934753
1.232500076,349.3601074
1.234166741,347.7305603
1.235833406,350.8783264
1.237499952,348.292572
1.239166617,348.8025513
1.240833402,348.8898621
1.242500067,350.6195679
1.244166732,346.9212341
1.245833278,348.8902893
1.247499943,348.890625
1.249166727,349.7483521
1.250833392,348.8499451
1.252500057,348.6875
1.254166722,349.6953125
1.255833268,346.8310242
1.257500052,347.03302
1.259166718,347.7335815
1.260833383,351.1549683
1.262500048,351.0838928
1.264166594,346.4450989
1.265833378,348.5818787
1.267500043,349.418396
1.269166708,348.0336304
1.270833373,348.6277466
1.272499919,347.274353
1.274166703,350.2720642
1.275833368,348.2559204
1.277500033,348.2206116
1.279166698,349.4729919
1.280833364,349.4718323
1.282500029,348.1712341
1.284166694,350.6910095
1.285833359,348.5274353
1.287500024,348.6308899
1.289166689,347.884552
1.290833354,347.3230286
1.292500019,347.9850769
1.294166684,349.3445435
1.295833349,349.715332
1.297500014,347.3774414
1.299166799,348.4683533
1.300833344,348.1611023
1.30250001,349.4233704
1.304166675,348.4684448
1.30583334,348.7202454
1.307500124,350.3586426
1.30916667,348.111084
1.310833335,349.2401428
1.3125,348.173584
1.314166665,348.9394836
1.315833449,350.4517517
1.317499995,350.2889709
1.31916666,348.0548096
1.320833325,349.333252
1.32249999,347.946106
1.324166775,349.9789734
1.32583344,348.449585
1.327499986,348.378418
1.329166651,349.6496582
1.330833316,348.7811584
1.3325001,348.241272
1.334166765,348.2259521
1.335833311,349.4385986
1.337499976,349.6430664
1.339166641,347.9073792
1.340833426,348.0062866
1.342500091,348.4112244
1.344166636,349.4344482
1.345833302,347.9364014
1.347499967,349.920929
1.349166751,348.4182129
1.350833416,347.9499512
1.352500081,349.9725037
1.354166627,348.1278992
1.355833292,348.3249512
1.357500076,349.0203552
1.359166741,348.6568298
1.360833406,348.4668579
1.362499952,349.3048401
1.364166617,346.5366516
1.365833402,347.8959961
1.367500067,347.3719788
1.369166732,348.6141052
1.370833278,348.8165283
1.372499943,348.3319397
1.374166727,349.6411133
1.375833392,350.7417908
1.377500057,348.6048584
1.379166722,348.8688354
1.380833268,350.1071472
1.382500052,349.9911499
1.384166718,348.3573303
1.385833383,350.828064
1.387500048,348.4074707
1.389166594,346.8415527
1.390833378,348.3927612
1.392500043,349.4589539
1.394166708,345.6687622
1.395833373,349.4449158
1.397499919,350.0079346
1.399166703,349.5932617
1.400833368,349.2932739
1.402500033,348.5953064
1.404166698,350.2137451
1.405833364,347.0048218
1.407500029,349.4317017
1.409166694,349.6655273
1.410833359,349.1582642
1.412500024,347.3800354
1.414166689,348.8911133
1.415833354,349.5664063
1.417500019,349.5869446
1.419166684,350.4862366
1.420833349,347.8960266
1.422500014,347.9918518
1.424166799,346.5506287
1.425833344,350.8283081
1.42750001,349.20755
1.429166675,348.6947021
1.43083334,349.6350403
1.432500124,349.0934143
1.43416667,349.9223022
1.435833335,348.4945068
1.4375,349.1611023
1.439166665,347.5039063
1.440833449,350.7331238
1.442499995,351.2670288
1.44416666,350.2818909
1.445833325,351.5472717
1.44749999,349.862793
1.449166775,348.5694275
1.45083344,352.1951294
1.452499986,348.8442993
1.454166651,346.7573547
1.455833316,349.208313
1.4575001,346.6516113
1.459166765,348.6166382
1.460833311,347.938385
1.462499976,349.8964539
1.464166641,349.8123779
1.465833426,348.1479187
1.467500091,348.4846802
1.469166636,347.59552
1.470833302,349.3150635
1.472499967,349.7557678
1.474166751,347.5071106
1.475833416,350.2891541
1.477500081,351.9690552
1.479166627,350.550354
1.480833292,348.6957092
1.482500076,347.8204651
1.484166741,348.4907532
1.485833406,348.3193665
1.487499952,350.6373596
1.489166617,352.1391602
1.490833402,348.1416626
1.492500067,348.3717346
1.494166732,349.6722107
1.495833278,350.1889343
1.497499943,349.658905
1.499166727,349.98172
1.500833392,348.0537415
1.502500057,350.448761
1.504166722,348.9352722
1.505833268,351.2301025
1.507500052,348.1213989
1.509166718,349.729126
1.510833383,348.0925903
1.512500048,349.679718
1.514166594,349.2329102
1.515833378,350.2281189
1.517500043,347.7627869
1.519166708,348.3256836
1.520833373,350.3110657
1.522499919,348.8076477
1.524166703,349.7388916
1.525833368,349.3781433
1.527500033,348.9263916
1.529166698,349.5490112
1.530833364,348.2666931
1.532500029,347.8557739
1.534166694,348.43927
1.535833359,349.9641113
1.537500024,348.5694885
1.539166689,349.0473022
1.540833354,350.6392822
1.542500019,347.8821411
1.544166684,350.4239197
1.545833349,350.0774536
1.547500014,350.043457
1.549166799,349.4277039
1.550833344,351.0916138
1.55250001,348.888092
1.554166675,350.216217
1.55583334,348.3991394
1.557500124,348.6797791
1.55916667,348.6838684
1.560833335,349.7982483
1.5625,349.0943909
1.564166665,350.1850891
1.565833449,348.806488
1.567499995,348.9038086
1.56916666,349.6864624
1.570833325,349.9846802
1.57249999,349.5393372
1.574166775,349.4345703
1.57583344,349.922699
1.577499986,349.355072
1.579166651,348.1390991
1.580833316,349.9740906
1.5825001,349.4710083
1.584166765,348.8634949
1.585833311,349.7658691
1.587499976,349.2344055
1.589166641,349.6080017
1.590833426,347.064209
1.592500091,349.095459
1.594166636,349.2207031
1.595833302,348.6325073
1.597499967,349.305481
1.599166751,348.6638794
1.600833416,348.5016174
1.602500081,346.4077759
1.604166627,348.9956665
1.605833292,348.6585999
1.607500076,349.7096863
1.609166741,348.5191956
1.610833406,348.00354
1.612499952,350.4548645
1.614166617,349.4364014
1.615833402,348.5550232
1.617500067,350.638031
1.619166732,346.7593994
1.620833278,347.086731
1.622499943,349.6958923
1.624166727,349.5589905
1.625833392,349.9944153
1.627500057,349.8233948
1.629166722,350.9356384
1.630833268,347.7799988
1.632500052,350.2314758
1.634166718,348.7420349
1.635833383,349.382019
1.637500048,349.5153809
1.639166594,348.6368713
1.640833378,348.3223267
1.642500043,347.8418274
1.644166708,347.2290649
1.645833373,347.0102234
1.647499919,350.4651489
1.649166703,349.8198853
1.650833368,349.8283997
1.652500033,349.2435303
1.654166698,349.8629761
1.655833364,349.756134
1.657500029,348.2059326
1.659166694,349.8377686
1.660833359,350.5115051
1.662500024,347.5881348
1.664166689,350.8355408
1.665833354,349.1894226
1.667500019,349.5466309
1.669166684,349.1872253
1.670833349,347.5004883
1.672500014,349.4395142
1.674166799,349.6355286
1.675833344,350.013916
1.67750001,350.5984497
1.679166675,349.6392212
1.68083334,348.4621582
1.682500124,348.8652649
1.68416667,349.9628906
1.685833335,348.4088745
1.6875,347.5535889
1.689166665,348.5119629
1.690833449,348.3130188
1.692499995,348.540863
1.69416666,350.6152649
1.695833325,351.0120239
1.69749999,350.9432068
1.699166775,347.6763306
1.70083344,348.4565735
1.702499986,348.6656189
1.704166651,347.8931274
1.705833316,349.7431335
1.7075001,350.3922729
1.709166765,350.8443604
1.710833311,349.3901672
1.712499976,350.1865845
1.714166641,349.8703613
1.715833426,349.2661438
1.717500091,348.2337646
1.719166636,348.8398132
1.720833302,349.4620972
1.722499967,349.6555176
1.724166751,350.5024109
1.725833416,348.6740417
1.727500081,349.0383606
1.729166627,348.9306641
1.730833292,349.2749329
1.732500076,348.4219666
1.734166741,349.102356
1.735833406,348.8765564
1.737499952,350.0458374
1.739166617,349.3172302
1.740833402,348.6893005
1.742500067,349.614563
1.744166732,347.0176086
1.745833278,349.2687073
1.747499943,350.0979309
1.749166727,349.4034119
1.750833392,349.3852539
1.752500057,348.9171448
1.754166722,348.7731934
1.755833268,349.9288025
1.757500052,350.1490479
1.759166718,347.3718262
1.760833383,347.9432678
1.762500048,347.3712158
1.764166594,350.466217
1.765833378,350.1337585
1.767500043,350.5662842
1.769166708,350.2098083
1.770833373,349.8995056
1.772499919,348.8713379
1.774166703,349.1557617
1.775833368,349.7958679
1.777500033,350.2642517
1.779166698,349.587616
1.780833364,348.2896729
1.782500029,351.8147583
1.784166694,350.6939697
1.785833359,349.4966736
1.787500024,350.7710876
1.789166689,349.6342773
1.790833354,348.8506775
1.792500019,349.969696
1.794166684,350.0032043
1.795833349,351.1852112
1.797500014,348.5619202
1.799166799,348.5761108
1.800833344,348.628479
1.80250001,350.1849976
1.804166675,346.9489441
1.80583334,349.0325928
1.807500124,348.9567261
1.80916667,347.6586914
1.810833335,350.1547852
1.8125,349.4624634
1.814166665,349.2997742
1.815833449,349.6378174
1.817499995,349.8864441
1.81916666,349.0553589
1.820833325,349.0990601
1.82249999,350.3022766
1.824166775,348.4156494
1.82583344,348.3954773
1.827499986,348.4950256
1.829166651,348.2705383
1.830833316,350.727478
1.8325001,349.6953735
1.834166765,349.3893127
1.835833311,349.1292419
1.837499976,348.9115906
1.839166641,349.7042847
1.840833426,350.023468
1.842500091,348.8943787
1.844166636,348.5140381
1.845833302,349.6349487
1.847499967,349.292572
1.849166751,349.7444153
1.850833416,349.1460876
1.852500081,350.3529053
1.854166627,350.7142944
1.855833292,351.286377
1.857500076,350.6288452
1.859166741,347.5824585
1.860833406,349.0717163
1.862499952,349.8237305
1.864166617,347.97229
1.865833402,348.2529907
1.867500067,348.5428467
1.869166732,348.5066833
1.870833278,350.1452332
1.872499943,347.6477661
1.874166727,349.492981
1.875833392,350.2302551
1.877500057,348.5065918
1.879166722,348.9293823
1.880833268,349.6488647
1.882500052,349.8696289
1.884166718,348.350708
1.885833383,346.56604
1.887500048,349.7018738
1.889166594,349.8526917
1.890833378,349.801178
1.892500043,350.2456665
1.894166708,348.4339905
1.895833373,348.4457397
1.897499919,348.5584412
1.899166703,349.0609436
1.900833368,350.1230469
1.902500033,351.2479553
1.904166698,349.5059204
1.905833364,348.2592163
1.907500029,348.2371521
1.909166694,348.2931824
1.910833359,348.2526245
1.912500024,350.4182434
1.914166689,350.9729919
1.915833354,349.2525635
1.917500019,350.9030457
1.919166684,350.1795349
1.920833349,349.6826782
1.922500014,349.4454346
1.924166799,350.8971558
1.925833344,348.7752075
1.92750001,351.5577698
1.929166675,349.8518677
1.93083334,350.8551636
1.932500124,348.1985779
1.93416667,349.0327148
1.935833335,349.2349548
1.9375,348.4738464
1.939166665,349.0167236
1.940833449,350.3868408
1.942499995,350.5696411
1.94416666,349.0083008
1.945833325,349.3626404
1.94749999,349.3564148
1.949166775,348.7805176
1.95083344,349.9254456
1.952499986,348.6917725
1.954166651,349.3868408
1.955833316,350.4411316
1.9575001,349.9646912
1.959166765,348.5443115
1.960833311,349.572937
1.962499976,350.4193726
1.964166641,347.7626038
1.965833426,350.384491
1.967500091,348.2034607
1.969166636,348.6567383
1.970833302,349.5836182
1.972499967,350.1056824
1.974166751,348.9131165
1.975833416,349.1337891
1.977500081,348.5329285
1.979166627,347.7715454
1.980833292,349.4882507
1.982500076,348.1607666
1.984166741,350.7072754
1.985833406,350.6487427
1.987499952,351.3380432
1.989166617,349.3353882
1.990833402,348.6410217
1.992500067,348.7911682
1.994166732,349.6652222
1.995833278,349.0180969
1.997499943,347.881073
1.999166727,349.3153381
2.000833273,351.6903076
2.002500057,349.0476074
2.004166603,350.2025757
2.005833387,349.2417297
2.007500172,348.5289001
2.009166718,349.1500549
2.010833263,351.9999084
2.012500048,350.0960388
2.014166594,348.8190918
2.015833378,350.0276489
2.017500162,348.4674988
2.019166708,348.9282227
2.020833254,349.145752
2.022500038,347.8306274
2.024166822,350.8900146
2.025833368,349.7582092
2.027499914,351.7835388
2.029166698,348.9492493
2.030833244,349.0209045
2.032500029,349.2381897
2.034166813,349.6309814
2.035833359,349.6026611
2.037499905,350.0807495
2.039166689,348.3858032
2.040833473,349.6821289
2.042500019,348.7638855
2.044166803,349.9107971
2.045833349,349.9032593
2.047499895,350.2348328
2.049166679,347.42099
2.050833464,350.4412537
2.05250001,349.7874756
2.054166555,348.8308411
2.05583334,350.7423401
2.057500124,348.8357239
2.05916667,349.4111023
2.060833454,349.125061
2.0625,349.9554749
2.064166546,348.5178528
2.06583333,349.7634888
2.067500114,349.7413635
2.06916666,349.0558777
2.070833445,350.1405945
2.07249999,350.0011902
2.074166775,348.1669006
2.075833321,348.4468994
2.077500105,350.2192993
2.079166651,349.7860718
2.080833197,349.5422974
2.082499981,349.2070923
2.084166765,349.7848816
2.085833311,349.9891357
2.087500095,349.6642761
2.089166641,349.3716125
2.090833426,350.9274597
2.092499971,352.256897
2.094166756,349.5706787
2.095833302,348.7424622
2.097500086,350.5647583
2.099166632,348.9101868
2.100833416,349.6216736
2.102499962,350.4979858
2.104166746,349.0755005
2.105833292,349.9259644
2.107500076,348.0259094
2.109166622,349.6325989
2.110833406,349.6948547
2.112499952,350.3816528
2.114166737,349.6148987
2.115833521,350.6037903
2.117500067,348.5383301
2.119166613,350.3388672
2.120833397,350.4094543
2.122499943,350.8809814
2.124166727,350.7678528
2.125833273,350.464325
2.127500057,348.6556396
2.129166603,348.2703857
2.130833387,349.2809448
2.132500172,348.740448
2.134166718,351.3326111
2.135833502,348.87146
2.137500048,348.6080627
2.139166832,347.3452759
2.140833378,351.6968079
2.142500162,348.6175232
2.144166708,348.9187317
2.145833254,350.9239197
2.147500038,351.3234558
2.149166584,350.2278137
2.150833368,349.3454285
2.152500153,350.9376221
2.154166698,349.2753601
2.155833483,351.2644348
2.157500029,350.3876953
2.159166813,350.5616455
2.160833597,349.3171692
2.162499905,350.1127625
2.164166689,350.6653442
2.165833235,348.2794495
2.167500019,349.7523804
2.169166803,352.485199
2.170833349,351.879364
2.172500134,350.2625427
2.174166679,350.8653564
2.175833464,348.2586975
2.177500248,350.5073853
2.179166555,349.410553
2.18083334,348.2799683
2.182499886,348.6116333
2.18416667,349.9235229
2.185833454,350.1347961
2.1875,350.2539368
2.189166784,348.8012085
2.19083333,349.0193176
2.192500114,348.0791626
2.194166899,352.5906982
2.195833445,348.1647644
2.19749999,349.8601074
2.199166536,350.9481506
2.200833321,348.8713074
2.202500105,349.2949524
2.204166651,348.737854
2.205833435,350.616333
2.207499981,349.776825
2.209166765,350.5255737
2.210833549,349.8272095
2.212500095,348.1338501
2.21416688,349.6318359
2.215833187,350.0805664
2.217499971,349.2053528
2.219166756,348.6389771
2.220833302,348.9277954
2.222500086,348.8935547
2.224166632,350.567688
2.225833416,349.5401001
2.2275002,350.7725525
2.229166746,352.9217834
2.23083353,349.8930359
2.232499838,350.5437927
2.234166622,349.3034668
2.235833406,351.3239746
2.237499952,349.3051453
2.239166737,349.8916931
2.240833282,349.7280273
2.242500067,350.396637
2.244166851,350.5690918
2.245833397,348.9120178
2.247500181,348.3205566
2.249166727,349.0904846
2.250833273,349.5310974
2.252500057,349.5877991
2.254166603,350.0419922
2.255833387,350.9001465
2.257499933,348.6358948
2.259166718,350.5050354
2.260833502,347.8940125
2.262500048,350.303894
2.264166832,349.6138
2.265833378,350.9361877
2.267500162,349.4100037
2.269166708,352.1844177
2.270833254,349.8240356
2.272500038,349.5625
2.274166584,351.2932739
2.275833368,349.6389465
2.277500153,351.6140137
2.279166698,348.4608765
2.280833483,349.6046753
2.282500029,349.8084106
2.284166813,348.5778503
2.285833597,350.1366272
2.287499905,349.841217
2.289166689,349.5369873
2.290833235,351.1113281
2.292500019,350.7912903
2.294166803,350.0566711
2.295833349,349.3067017
2.297500134,349.1474915
2.299166679,349.3997498
2.300833464,350.4427185
2.302500248,348.9440308
2.304166555,348.7331848
2.30583334,349.8438721
2.307499886,349.3147888
2.30916667,349.1819458
2.310833454,349.7409973
2.3125,349.9425659
2.314166784,351.8187256
2.31583333,349.7003174
2.317500114,348.1954041
2.319166899,350.4915466
2.320833445,350.8137207
2.32249999,350.2096252
2.324166536,350.1818237
2.325833321,350.3058472
2.327500105,349.9758301
2.329166651,349.5636292
2.330833435,349.5018005
2.332499981,349.2962952
2.334166765,348.3141785
2.335833549,350.1628418
2.337500095,350.4334106
2.33916688,349.824585
2.340833187,350.4122925
2.342499971,352.4490967
2.344166756,350.3882141
2.345833302,350.1721497
2.347500086,350.4064026
2.349166632,349.2411194
2.350833416,348.2522278
2.3525002,348.9858398
2.354166746,348.6766052
2.35583353,349.7290649
2.357499838,349.9343567
2.359166622,349.9685669
2.360833406,349.8547668
2.362499952,349.0463257
2.364166737,348.8330383
2.365833282,350.042511
2.367500067,348.8573608
2.369166851,350.5293579
2.370833397,348.8818665
2.372500181,351.5063782
2.374166727,350.6422424
2.375833273,349.3580017
2.377500057,348.3927002
2.379166603,349.5948792
2.380833387,350.8547974
2.382499933,349.9451294
2.384166718,347.2914429
2.385833502,351.0047302
2.387500048,350.6509094
2.389166832,350.5293579
2.390833378,350.842041
2.392500162,351.3651733
2.394166708,350.0881348
2.395833254,348.8548279
2.397500038,351.0959167
2.399166584,348.3251038
2.400833368,349.5082397
2.402500153,348.9519348
2.404166698,348.5513
2.405833483,350.8590393
2.407500029,349.3449402
2.409166813,348.523407
2.410833597,351.3554993
2.412499905,349.5953064
2.414166689,347.9440613
2.415833235,349.2772827
2.417500019,349.9803467
2.419166803,348.7564392
2.420833349,348.1083984
2.422500134,349.4225159
2.424166679,349.1193542
2.425833464,350.6852417
2.427500248,351.2812805
2.429166555,349.4979553
2.43083334,351.24823
2.432499886,349.6242676
2.43416667,350.5307617
2.435833454,347.9662781
2.4375,350.8400879
2.439166784,349.7207031
2.44083333,349.3655396
2.442500114,348.6193237
2.444166899,348.5874634
2.445833445,349.4518433
2.44749999,349.9651184
2.449166536,350.039093
2.450833321,351.7063904
2.452500105,350.1652832
2.454166651,350.6428833
2.455833435,348.4292603
2.457499981,348.0616455
2.459166765,350.1529541
2.460833549,351.0631714
2.462500095,349.7140503
2.46416688,349.5438843
2.465833187,350.138916
2.467499971,351.4499512
2.469166756,350.3086548
2.470833302,349.5801392
2.472500086,351.5097046
2.474166632,348.8063965
2.475833416,350.4424438
2.4775002,350.5497742
2.479166746,348.3762207
2.48083353,350.9263
2.482499838,353.4369202
2.484166622,348.5447998
2.485833406,351.6956787
2.487499952,349.928894
2.489166737,350.5179749
2.490833282,351.4300842
2.492500067,352.211853
2.494166851,349.3010559
2.495833397,350.3674927
2.497500181,350.7200928
2.499166727,351.652832
2.500833273,351.6576233
2.502500057,351.1844177
2.504166603,350.367981
2.505833387,349.9451904
2.507499933,345.3456116
2.509166718,344.8133545
2.510833502,336.7679749
2.512500048,346.0324097
2.514166832,346.2963257
2.515833378,345.1646118
2.517500162,342.8263245
2.519166708,347.5081177
2.520833254,338.3083496
2.522500038,342.932312
2.524166584,316.186676
2.525833368,339.4242554
2.527500153,299.5302429
2.529166698,321.0565796
2.530833483,327.6860352
2.532500029,303.430481
2.534166813,328.5762939
2.535833597,317.2091064
2.537499905,301.2653198
2.539166689,330.885376
2.540833235,304.8052673
2.542500019,316.5295715
2.544166803,318.6375122
2.545833349,310.322998
2.547500134,339.8311157
2.549166679,341.2953796
2.550833464,340.510437
2.552500248,340.1030884
2.554166555,341.0448608
2.55583334,340.1950684
2.557499886,340.8856506
2.55916667,341.0957031
2.560833454,339.2506409
2.5625,337.2250366
2.564166784,338.4866943
2.56583333,338.7572327
2.567500114,338.1271057
2.569166899,338.6572571
2.570833445,336.9590149
2.57249999,338.1560364
2.574166536,336.9190979
2.575833321,337.9168396
2.577500105,336.9511719
2.579166651,336.7029114
2.580833435,338.0222473
2.582499981,337.6531372
2.584166765,334.6913147
2.585833549,335.8666382
2.587500095,334.923584
2.58916688,335.2824707
2.590833187,336.2511292
2.592499971,335.6245728
2.594166756,336.0891724
2.595833302,333.3783264
2.597500086,335.6826477
2.599166632,334.6667175
2.600833416,333.1783447
2.6025002,335.8546448
2.604166746,332.6136169
2.60583353,337.4259644
2.607499838,333.9242859
2.609166622,334.612793
2.610833406,333.1399841
2.612499952,333.7597656
2.614166737,332.306488
2.615833282,333.7019348
2.617500067,333.2428894
2.619166851,333.6624756
2.620833397,333.0166321
2.622500181,331.428772
2.624166727,332.8017883
2.625833273,331.5756226
2.627500057,333.0698853
2.629166603,333.1825867
2.630833387,332.061676
2.632499933,332.6704102
2.634166718,332.3361816
2.635833502,328.6395874
2.637500048,332.9738464
2.639166832,332.2330933
2.640833378,330.8518982
2.642500162,330.9299316
2.644166708,331.3321838
2.645833254,329.6533203
2.647500038,331.7523804
2.649166584,331.9382629
2.650833368,331.5103149
2.652500153,327.9019165
2.654166698,331.548645
2.655833483,331.2383118
2.657500029,330.114563
2.659166813,328.911499
2.660833597,329.9895325
2.662499905,329.8262634
2.664166689,330.0682068
2.665833235,329.1632385
2.667500019,331.3973694
2.669166803,328.8218384
2.670833349,328.5617676
2.672500134,329.0255737
2.674166679,329.2216187
2.675833464,328.4293823
2.677500248,329.3857727
2.679166555,327.589325
2.68083334,327.7997437
2.682499886,328.0031128
2.68416667,330.1391602
2.685833454,327.4129639
2.6875,329.289093
2.689166784,328.7654724
2.69083333,328.5192261
2.692500114,329.140564
2.694166899,327.6579895
2.695833445,328.9234009
2.69749999,328.7075806
2.699166536,330.2796631
2.700833321,327.6798096
2.702500105,327.1297913
2.704166651,325.4240417
2.705833435,328.1193237
2.707499981,327.5734863
2.709166765,327.4483032
2.710833549,327.5351257
2.712500095,328.3430786
2.71416688,326.5187378
2.715833187,329.524231
2.717499971,326.2099609
2.719166756,327.2227783
2.720833302,326.6881409
2.722500086,325.424408
2.724166632,327.0756226
2.725833416,326.7189026
2.7275002,325.1463928
2.729166746,326.465271
2.73083353,325.5044861
2.732499838,326.3338623
2.734166622,327.7275085
2.735833406,325.2393188
2.737499952,326.161438
2.739166737,325.0352478
2.740833282,324.9735718
2.742500067,325.5773926
2.744166851,326.9095154
2.745833397,324.760498
2.747500181,326.0571289
2.749166727,324.9958801
2.750833273,326.2525024
2.752500057,326.2944641
2.754166603,326.55896
2.755833387,324.6967773
2.757499933,326.2279053
2.759166718,326.1954346
2.760833502,325.3277588
2.762500048,326.5026855
2.764166832,323.0445557
2.765833378,324.6091309
2.767500162,327.5899048
2.769166708,323.9806213
2.770833254,324.4804993
2.772500038,325.9872131
2.774166584,323.700592
2.775833368,327.8230591
2.777500153,325.4776001
2.779166698,325.0922241
2.780833483,325.0062561
2.782500029,324.6335754
2.784166813,326.0367737
2.785833597,326.0608215
2.787499905,325.6651306
2.789166689,324.7958374
2.790833235,324.3145752
2.792500019,325.7320862
2.794166803,325.276123
2.795833349,327.0597839
2.797500134,324.6360168
2.799166679,326.7592773
2.800833464,325.2986145
2.802500248,325.0841064
2.804166555,324.5138245
2.80583334,325.2974548
2.807499886,324.7361755
2.80916667,324.019104
2.810833454,324.1616821
2.8125,324.2169189
2.814166784,322.6073914
2.81583333,323.7719116
2.817500114,324.2740173
2.819166899,324.3909302
2.820833445,322.3773193
2.82249999,324.9393921
2.824166536,323.8001404
2.825833321,323.9057922
2.827500105,324.8872986
2.829166651,323.8592224
2.830833435,324.2922363
2.832499981,322.3345642
2.834166765,324.2388
2.835833549,323.6348267
2.837500095,323.6529846
2.83916688,323.9049072
2.840833187,323.4701233
2.842499971,322.9814453
2.844166756,323.9761963
2.845833302,323.3188782
2.847500086,325.3467712
2.849166632,322.2877502
2.850833416,322.2304688
2.8525002,324.2112427
2.854166746,323.4374695
2.85583353,323.4440918
2.857499838,322.3786316
2.859166622,325.0480652
2.860833406,324.4611816
2.862499952,323.7321777
2.864166737,321.9237061
2.865833282,324.2681885
2.867500067,323.0630493
2.869166851,325.3561707
2.870833397,324.8979492
2.872500181,323.2455139
2.874166727,325.8168335
2.875833273,324.8675842
2.877500057,324.2911682
2.879166603,322.7584534
2.880833387,323.7633057
2.882499933,322.7272339
2.884166718,323.4770203
2.885833502,325.1938782
2.887500048,322.9325562
2.889166832,323.4116211
2.890833378,324.1085205
2.892500162,322.4337769
2.894166708,321.9166565
2.895833254,323.3737183
2.897500038,321.9246216
2.899166584,322.8703308
2.900833368,323.1526489
2.902500153,322.5058594
2.904166698,323.5489197
2.905833483,323.6788025
2.907500029,323.8016968
2.909166813,323.2715759
2.910833597,323.657074
2.912499905,322.6425781
2.914166689,322.4287109
2.915833235,323.5809326
2.917500019,322.0797424
2.919166803,321.9197693
2.920833349,320.7721252
2.922500134,321.2169189
2.924166679,321.3748169
2.925833464,323.8726501
2.927500248,326.4165039
2.929166555,323.6552734
2.93083334,320.602417
2.932499886,322.7312622
2.93416667,320.2036438
2.935833454,322.9804077
2.9375,321.9627075
2.939166784,321.1795959
2.94083333,322.4208069
2.942500114,320.9602661
2.944166899,324.9703674
2.945833445,323.1799011
2.94749999,319.3086243
2.949166536,322.2624207
2.950833321,321.767334
2.952500105,323.9863281
2.954166651,321.9861145
2.955833435,321.4333801
2.957499981,321.0539856
2.959166765,322.0162048
2.960833549,322.4588928
2.962500095,320.694458
2.96416688,322.7089233
2.965833187,321.4728088
2.967499971,321.4180603
2.969166756,320.3586121
2.970833302,320.1717834
2.972500086,323.4003601
2.974166632,320.6802979
2.975833416,322.2470093
2.9775002,322.1703796
2.979166746,320.9205627
2.98083353,321.6636658
2.982499838,321.0526123
2.984166622,321.3214111
2.985833406,320.5088501
2.987499952,323.1425781
2.989166737,321.6439819
2.990833282,319.5702515
2.992500067,319.9215088
2.994166851,320.9076843
2.995833397,322.2509155
2.997500181,322.6512451
2.999166727,321.1718445
3.000833273,322.5220642
3.002500057,319.9784241
3.004166603,320.8266907
3.005833387,320.152832
3.007499933,321.5075073
3.009166718,320.0423584
3.010833502,319.9742126
3.012500048,321.8493958
3.014166832,320.0843201
3.015833378,320.9769287
3.017500162,320.786438
3.019166708,319.89151
3.020833254,324.4312439
3.022500038,319.6512756
3.024166584,322.7688293
3.025833368,321.0153503
3.027500153,321.5013428
3.029166698,320.9266052
3.030833483,321.8018799
3.032500029,319.4757996
3.034166813,320.5487366
3.035833597,321.139801
3.037499905,322.128479
3.039166689,320.1073914
3.040833235,318.7471008
3.042500019,321.115448
3.044166803,320.160614
3.045833349,319.9195251
3.047500134,320.963623
3.049166679,319.1137695
3.050833464,319.976593
3.052500248,321.3632507
3.054166555,319.7918091
3.05583334,319.7531433
3.057499886,323.0803833
3.05916667,321.9649353
3.060833454,320.7637634
3.0625,320.73526
3.064166784,320.9750671
3.06583333,320.4589233
3.067500114,320.9776611
3.069166899,321.3050842
3.070833445,319.7971802
3.07249999,320.8959656
3.074166536,319.3750305
3.075833321,319.9925537
3.077500105,319.4682922
3.079166651,319.8336792
3.080833435,320.1620178
3.082499981,319.4856262
3.084166765,319.5287476
3.085833549,321.2511292
3.087500095,321.2432861
3.08916688,319.4235535
3.090833187,321.0418091
3.092499971,322.5689392
3.094166756,319.0371704
3.095833302,319.3669434
3.097500086,321.1907349
3.099166632,319.8750916
3.100833416,321.8088379
3.1025002,320.5331116
3.104166746,320.5558777
3.10583353,321.212677
3.107499838,320.7316284
3.109166622,322.0282593
3.110833406,320.2933655
3.112499952,320.7493286
3.114166737,320.352478
3.115833282,320.8502502
3.117500067,321.1133728
3.119166851,320.1838989
3.120833397,320.032074
3.122500181,320.0195923
3.124166727,320.4313049
3.125833273,322.5468445
3.127500057,320.6741333
3.129166603,321.4842834
3.130833387,320.3729858
3.132499933,318.9937134
3.134166718,320.3539734
3.135833502,320.9023438
3.137500048,319.5718079
3.139166832,319.6253967
3.140833378,320.0769958
3.142500162,318.5849609
3.144166708,320.1778564
3.145833254,321.1660461
3.147500038,321.799408
3.149166584,320.0403748
3.150833368,320.2566223
3.152500153,320.8511658
3.154166698,320.4033203
3.155833483,320.0392456
3.157500029,319.1255798
3.159166813,317.7199707
3.160833597,319.6248474
3.162499905,319.4735107
3.164166689,317.183075
3.165833235,320.0578918
3.167500019,320.9507446
3.169166803,320.5912781
3.170833349,321.1454468
3.172500134,319.7805481
3.174166679,319.5675354
3.175833464,319.9527283
3.177500248,319.839447
3.179166555,319.9315491
3.18083334,319.4017639
3.182499886,320.1116333
3.18416667,320.6116638
3.185833454,319.329895
3.1875,320.0967102
3.189166784,320.2386475
3.19083333,319.631134
3.192500114,320.855835
3.194166899,320.0241089
3.195833445,322.3968201
3.19749999,319.6029053
3.199166536,317.932373
3.200833321,320.3452454
3.202500105,322.8841248
3.204166651,318.9205017
3.205833435,319.7132263
3.207499981,319.2864075
3.209166765,320.5343628
3.210833549,320.4393005
3.212500095,320.6577759
3.21416688,320.1817932
3.215833187,318.7332153
3.217499971,318.1389771
3.219166756,319.1755066
3.220833302,318.8851624
3.222500086,319.0787048
3.224166632,318.002594
3.225833416,320.0457153
3.2275002,320.0496826
3.229166746,318.4286804
3.23083353,319.8153687
3.232499838,319.8489075
3.234166622,318.6539307
3.235833406,319.0545044
3.237499952,318.9840393
3.239166737,319.3855286
3.240833282,321.059845
3.242500067,317.5449829
3.244166851,318.8748779
3.245833397,318.392334
3.247500181,317.1884766
3.249166727,318.3643494
3.250833273,317.5800476
3.252500057,318.2019348
3.254166603,319.6746216
3.255833387,318.8398132
3.257499933,320.0773621
3.259166718,319.9124451
3.260833502,320.6601868
3.262500048,319.2346497
3.264166832,320.6990967
3.265833378,317.8135376
3.267500162,320.487793
3.269166708,318.6054993
3.270833254,319.2720337
3.272500038,317.5620422
3.274166584,319.7528992
3.275833368,321.0497131
3.277500153,319.6104736
3.279166698,320.897583
3.280833483,320.1398315
3.282500029,319.2491455
3.284166813,318.4760742
3.285833597,319.9963074
3.287499905,318.5690308
3.289166689,318.6773987
3.290833235,319.6959839
3.292500019,318.5701599
3.294166803,318.4346619
3.295833349,319.0867004
3.297500134,318.9979248
3.299166679,319.4154968
3.300833464,319.0822754
3.302500248,319.7806091
3.304166555,318.6308899
3.30583334,319.8594055
3.307499886,318.0978088
3.30916667,318.8778076
3.310833454,318.4602356
3.3125,318.1807556
3.314166784,317.8984375
3.31583333,320.1016541
3.317500114,319.2334595
3.319166899,320.6680298
3.320833445,319.0942078
3.32249999,319.8869019
3.324166536,318.1421204
3.325833321,318.0830383
3.327500105,319.7729492
3.329166651,318.6916199
3.330833435,318.4442444
3.332499981,318.4662781
3.334166765,318.6917419
3.335833549,321.3313599
3.337500095,317.6532288
3.33916688,319.6766357
3.340833187,319.4175415
3.342499971,317.8104553
3.344166756,318.0843201
3.345833302,318.6843872
3.347500086,319.9588013
3.349166632,318.3676147
3.350833416,318.3599854
3.3525002,317.1643677
3.354166746,318.4978638
3.35583353,318.1968384
3.357499838,318.1597595
3.359166622,319.2167358
3.360833406,319.976532
3.362499952,318.985199
3.364166737,318.9665527
3.365833282,318.4632874
3.367500067,318.7265625
3.369166851,318.6980591
3.370833397,318.0389709
3.372500181,319.8485107
3.374166727,318.3364868
3.375833273,320.9302979
3.377500057,318.2164001
3.379166603,318.5243225
3.380833387,317.6683655
3.382499933,319.0940552
3.384166718,319.3516846
3.385833502,320.5600586
3.387500048,319.1565552
3.389166832,319.842804
3.390833378,318.9137573
3.392500162,319.7629395
3.394166708,320.2974548
3.395833254,317.7280579
3.397500038,319.2309265
3.399166584,318.9180908
3.400833368,319.1572876
3.402500153,319.7641296
3.404166698,318.6360168
3.405833483,319.9882202
3.407500029,319.7318726
3.409166813,318.1929321
3.410833597,317.7941589
3.412499905,319.6015015
3.414166689,316.0686035
3.415833235,318.4957886
3.417500019,320.065979
3.419166803,318.6499023
3.420833349,320.1077576
3.422500134,319.6903076
3.424166679,318.3620605
3.425833464,319.0461426
3.427500248,320.0023499
3.429166555,319.0076904
3.43083334,320.8016052
3.432499886,319.5830078
3.43416667,318.1678467
3.435833454,318.8897705
3.4375,318.4597473
3.439166784,319.1146545
3.44083333,318.4280396
3.442500114,318.8149414
3.444166899,316.0249939
3.445833445,318.5223389
3.44749999,318.2310486
3.449166536,318.8352661
3.450833321,317.5719299
3.452500105,318.5980835
3.454166651,318.7431335
3.455833435,318.9756775
3.457499981,320.4117432
3.459166765,317.9771729
3.460833549,317.9069519
3.462500095,318.2938843
3.46416688,319.490448
3.465833187,318.5670166
3.467499971,319.1644592
3.469166756,317.338501
3.470833302,318.4091492
3.472500086,317.8844604
3.474166632,317.2774048
3.475833416,320.1300354
3.4775002,320.0804749
3.479166746,316.8986206
3.48083353,317.500061
3.482499838,319.1747437
3.484166622,320.2176819
3.485833406,317.6529846
3.487499952,318.9615173
3.489166737,319.2513123
3.490833282,318.5965881
3.492500067,317.7735596
3.494166851,316.8084412
3.495833397,318.4303284
3.497500181,318.2773132
3.499166727,318.9568787
3.500833273,318.3818665
3.502500057,319.0248413
3.504166603,317.8160095
3.505833387,317.7326355
3.507499933,318.5871582
3.509166718,317.9303589
3.510833502,319.2085876
3.512500048,317.9894104
3.514166832,318.5622559
3.515833378,317.3014221
3.517500162,318.4226074
3.519166708,317.4695129
3.520833254,318.2249451
3.522500038,320.6494141
3.524166584,318.1175842
3.525833368,318.2364502
3.527500153,316.2450867
3.529166698,318.7348328
3.530833483,318.0606384
3.532500029,317.1052856
3.534166813,318.9271545
3.535833597,318.2660828
3.537499905,317.7202454
3.539166689,316.6200256
3.540833235,317.4705505
3.542500019,319.3102722
3.544166803,317.4698792
3.545833349,318.3009949
3.547500134,316.84552
3.549166679,317.7242126
3.550833464,318.9210205
3.552500248,319.0440063
3.554166555,317.8570251
3.55583334,318.2181702
3.557499886,318.1567078
3.55916667,316.5281982
3.560833454,317.8677063
3.5625,319.1891785
3.564166784,318.7922058
3.56583333,318.8033447
3.567500114,318.7289734
3.569166899,317.7200928
3.570833445,319.5754395
3.57249999,317.788269
3.574166536,318.0578918
3.575833321,316.4314575
3.577500105,321.3247986
3.579166651,318.4977417
3.580833435,315.8857727
3.582499981,319.1677246
3.584166765,318.7835693
3.585833549,316.460968
3.587500095,317.7723083
3.58916688,319.3040161
3.590833187,318.3633118
3.592499971,318.1949463
3.594166756,317.2522278
3.595833302,317.5122375
3.597500086,317.505249
3.599166632,317.8916016
3.600833416,319.3344116
3.6025002,317.8490295
3.604166746,319.0340576
3.60583353,316.6317444
3.607499838,319.37854
3.609166622,318.4329834
3.610833406,317.3069763
3.612499952,319.9744263
3.614166737,318.5165405
3.615833282,319.7999268
3.617500067,319.4182434
3.619166851,317.5679626
3.620833397,317.5818481
3.622500181,317.4571228
3.624166727,317.5883484
3.625833273,319.7364197
3.627500057,318.4277344
3.629166603,318.4045105
3.630833387,318.8809509
3.632499933,316.9482422
3.634166718,317.6726074
3.635833502,318.6682434
3.637500048,318.5838623
3.639166832,319.5319214
3.640833378,319.8470459
3.642500162,317.205658
3.644166708,317.2921143
3.645833254,317.6416626
3.647500038,317.6769104
3.649166584,318.5455322
3.650833368,318.1661377
3.652500153,319.6674805
3.654166698,318.2044373
3.655833483,316.8056335
3.657500029,316.8379517
3.659166813,317.8897095
3.660833597,318.4561157
3.662499905,317.2771301
3.664166689,319.0447083
3.665833235,317.7951965
3.667500019,318.706604
3.669166803,319.49646
3.670833349,316.416626
3.672500134,318.9417419
3.674166679,318.0744934
3.675833464,317.0508423
3.677500248,317.7736816
3.679166555,317.4811401
3.68083334,316.3878784
3.682499886,316.1047668
3.68416667,318.6193542
3.685833454,320.0053711
3.6875,319.4338989
3.689166784,319.0053406
3.69083333,317.494812
3.692500114,317.9300537
3.694166899,318.9966431
3.695833445,318.7915955
3.69749999,319.0149841
3.699166536,319.2242737
3.700833321,318.6420898
3.702500105,316.8716431
3.704166651,317.1365662
3.705833435,317.9492188
3.707499981,318.3806458
3.709166765,317.3701782
3.710833549,319.0644531
3.712500095,319.0239258
3.71416688,317.2818298
3.715833187,317.0623474
3.717499971,317.9762573
3.719166756,317.3869629
3.720833302,318.6753235
3.722500086,317.8725281
3.724166632,316.9934082
3.725833416,316.6510925
3.7275002,317.5051575
3.729166746,318.9501038
3.73083353,319.2189331
3.732499838,316.831665
3.734166622,317.4900818
3.735833406,317.750885
3.737499952,315.1701965
3.739166737,319.8821411
3.740833282,318.1028748
3.742500067,317.6526489
3.744166851,318.0178528
3.745833397,318.7502747
3.747500181,317.361145
3.749166727,317.3739014
3.750833273,317.6101685
3.752500057,317.9397583
3.754166603,317.7922058
3.755833387,317.1217957
3.757499933,318.9829102
3.759166718,318.1302795
3.760833502,318.151825
3.762500048,317.6495667
3.764166832,317.9061584
3.765833378,318.1188965
3.767500162,316.6119385
3.769166708,317.7206421
3.770833254,320.2142029
3.772500038,317.2272339
3.774166584,318.9999084
3.775833368,317.1926575
3.777500153,316.5917358
3.779166698,317.9742737
3.780833483,319.1546021
3.782500029,316.739563
3.784166813,318.2884827
3.785833597,317.7385254
3.787499905,317.7113037
3.789166689,317.8324585
3.790833235,318.6024475
3.792500019,316.0805054
3.794166803,318.8240051
3.795833349,318.8954163
3.797500134,318.245697
3.799166679,319.2826233
3.800833464,317.5620422
3.802500248,317.2485046
3.804166555,318.7645874
3.80583334,317.4055176
3.807499886,318.582428
3.80916667,317.4260559
3.810833454,319.1324768
3.8125,318.2888794
3.814166784,318.311554
3.81583333,319.1904602
3.817500114,316.9036865
3.819166899,318.3274231
3.820833445,317.3047791
3.82249999,317.6676331
3.824166536,317.0177917
3.825833321,318.3502502
3.827500105,316.9332581
3.829166651,315.2992249
3.830833435,317.3916321
3.832499981,318.3574219
3.834166765,317.7618103
3.835833549,316.9648438
3.837500095,318.7364197
3.83916688,316.8227844
3.840833187,316.3637695
3.842499971,317.9736328
3.844166756,316.4316406
3.845833302,316.7052612
3.847500086,316.2746582
3.849166632,316.8899841
3.850833416,318.2257385
3.8525002,319.0716248
3.854166746,316.5784607
3.85583353,317.3461304
3.857499838,318.2952271
3.859166622,317.2331848
3.860833406,316.3970642
3.862499952,318.2359009
3.864166737,316.4467163
3.865833282,318.7422791
3.867500067,318.4737854
3.869166851,317.6669617
3.870833397,317.4761963
3.872500181,318.2159119
3.874166727,316.0979919
3.875833273,317.5791626
3.877500057,316.9452515
3.879166603,316.3244324
3.880833387,318.2455444
3.882499933,317.2692871
3.884166718,316.5078125
3.885833502,317.711853
3.887500048,318.1225281
3.889166832,317.2518921
3.890833378,316.5018921
3.892500162,316.7684937
3.894166708,318.7658997
3.895833254,318.2250366
3.897500038,319.4821472
3.899166584,318.5658264
3.900833368,316.7321472
3.902500153,317.7816467
3.904166698,316.6419983
3.905833483,319.2331848
3.907500029,318.2433472
3.909166813,318.8364258
3.910833597,317.9640808
3.912499905,317.7929382
3.914166689,317.8069458
3.915833235,319.412262
3.917500019,315.5040894
3.919166803,317.3847046
3.920833349,317.9769592
3.922500134,317.0101318
3.924166679,316.0937195
3.925833464,315.3323669
3.927500248,317.6814575
3.929166555,318.2076721
3.93083334,316.365509
3.932499886,317.0317383
3.93416667,316.7666626
3.935833454,317.5102234
3.9375,318.6968689
3.939166784,317.0663452
3.94083333,317.0928345
3.942500114,316.6529236
3.944166899,317.4983826
3.945833445,318.0350342
3.94749999,318.4342651
3.949166536,319.2937622
3.950833321,319.1087341
3.952500105,318.7409668
3.954166651,317.4317627
3.955833435,317.1177979
3.957499981,316.7205505
3.959166765,320.0181885
3.960833549,319.2955627
3.962500095,317.8520813
3.96416688,317.9900513
3.965833187,318.8355713
3.967499971,316.4235535
3.969166756,318.7606201
3.970833302,316.8512573
3.972500086,319.0540161
3.974166632,317.8491516
3.975833416,315.7329102
3.9775002,317.5960693
3.979166746,316.1818848
3.98083353,316.6861267
3.982499838,319.1539612
3.984166622,316.8003235
3.985833406,319.4819641
3.987499952,316.8608398
3.989166737,317.5436096
3.990833282,316.4916382
3.992500067,316.1837463
3.994166851,316.1893005
3.995833397,316.1769104
3.997500181,316.1354065
3.999166727,316.511261
4.000833511,316.6404724
4.002500057,317.4481201
4.004166603,315.7928467
4.005833626,317.2117004
4.007500172,315.2614136
4.009166718,318.0783997
4.010833263,316.6245728
4.012499809,317.7191772
4.014166832,316.4088745
4.015833378,316.6888733
4.017499924,317.215271
4.019166946,316.905365
4.020833492,318.7150269
4.022500038,319.1139832
4.024166584,314.1948547
4.025833607,317.3656921
4.027500153,316.3288879
4.029166698,315.8666992
4.030833244,316.3354797
4.03249979,316.4332275
4.034166813,315.6648254
4.035833359,317.0610352
4.037499905,315.6203308
4.039166927,317.969574
4.040833473,318.254364
4.042500019,317.9362488
4.044167042,318.3076782
4.045833111,316.1954651
4.047500134,316.9581299
4.049166679,317.7543335
4.050833225,317.0130005
4.052500248,316.4918213
4.054166794,317.4816284
4.05583334,317.2731018
4.057499886,317.9588928
4.059166908,316.1583862
4.060833454,317.2113037
4.0625,317.2018433
4.064166546,317.802124
4.065833092,318.2537231
4.067500114,317.6927795
4.06916666,317.3522034
4.070833206,313.6866455
4.072500229,316.4078979
4.074166775,317.4562683
4.075833321,318.1227722
4.077500343,316.1196594
4.079166889,315.9792175
4.080833435,318.180481
4.082499981,314.9885864
4.084166527,317.3251343
4.085833549,316.1930542
4.087500095,316.8414917
4.089166641,316.9283447
4.090833187,317.1043091
4.09250021,319.2310791
4.094166756,317.8736572
4.095833302,317.6333008
4.097500324,316.8238831
4.099166393,316.8145752
4.100833416,317.4823303
4.102499962,316.7565002
4.104166508,317.7254333
4.10583353,317.5249939
4.107500076,317.5663452
4.109166622,316.0216064
4.110833645,317.4312744
4.112500191,316.4450989
4.114166737,317.2236328
4.115833282,318.0608521
4.117499828,315.8826599
4.119166851,316.6139221
4.120833397,316.3187561
4.122499943,317.9162598
4.124166489,317.9662476
4.125833511,320.1204224
4.127500057,318.6025391
4.129166603,317.7064514
4.130833626,316.7060852
4.132500172,318.3283386
4.134166718,317.6376648
4.135833263,316.5452576
4.137499809,315.8067932
4.139166832,316.9500427
4.140833378,317.0657959
4.142499924,317.2526855
4.144166946,315.9513855
4.145833492,318.0422058
4.147500038,316.8351746
4.149166584,317.7582092
4.150833607,318.0287476
4.152500153,317.074707
4.154166698,316.569397
4.155833244,317.1896667
4.15749979,316.0211792
4.159166813,317.5038452
4.160833359,317.5340576
4.162499905,317.7718201
4.164166927,318.4368896
4.165833473,317.2270508
4.167500019,317.0434875
4.169167042,315.8610535
4.170833111,317.2554016
4.172500134,317.028717
4.174166679,318.6122437
4.175833225,318.130188
4.177500248,316.1417847
4.179166794,317.038208
4.18083334,315.9856873
4.182499886,316.9166565
4.184166908,316.598877
4.185833454,318.0170288
4.1875,316.6013794
4.189166546,317.050354
4.190833092,318.3860779
4.192500114,316.5254211
4.19416666,317.263916
4.195833206,318.193512
4.197500229,316.5059814
4.199166775,317.0023193
4.200833321,317.6882629
4.202500343,316.0848389
4.204166889,316.7161255
4.205833435,316.8227234
4.207499981,318.0193787
4.209166527,318.3285522
4.210833549,315.7458496
4.212500095,318.987854
4.214166641,315.091095
4.215833187,315.7399902
4.21750021,317.6922302
4.219166756,318.7391357
4.220833302,316.9882813
4.222500324,316.4507751
4.224166393,317.2278442
4.225833416,317.598877
4.227499962,317.0231934
4.229166508,316.3227234
4.23083353,317.1193848
4.232500076,316.8319092
4.234166622,316.5908813
4.235833645,315.9807739
4.237500191,315.3232422
4.239166737,317.9264221
4.240833282,317.6206665
4.242499828,318.0829163
4.244166851,317.7885742
4.245833397,315.7547607
4.247499943,318.3422546
4.249166489,317.7437439
4.250833511,318.1113892
4.252500057,316.9780579
4.254166603,316.3822327
4.255833626,317.0729065
4.257500172,317.3114014
4.259166718,317.5195007
4.260833263,316.5400391
4.262499809,318.0450439
4.264166832,318.2380981
4.265833378,315.9256897
4.267500401,316.8519287
4.26916647,315.9868469
4.270833492,315.9453125
4.272500038,315.4884949
4.274167061,317.6312561
4.275833607,316.4744873
4.277499676,317.6893005
4.279166698,315.7070313
4.280833244,317.4832458
4.282500267,316.7017822
4.284166813,316.8632813
4.285833359,318.3722534
4.287499905,316.4861145
4.289166927,319.1560364
4.290833473,317.243103
4.292500496,318.002655
4.294166565,317.0189819
4.295833111,316.682312
4.297500134,315.2642822
4.299166679,315.7123413
4.300833702,317.6022644
4.302499771,316.914032
4.304166794,316.4918518
4.30583334,317.0245667
4.307500362,317.2945251
4.309166908,316.9431458
4.310833454,318.0308533
4.3125,317.1296692
4.314166546,317.8156738
4.315833569,316.2630005
4.317500114,316.4477234
4.31916666,316.9079895
4.320833206,317.8310547
4.322500229,317.4456787
4.324166775,317.7500305
4.325833797,317.5046997
4.327499866,315.5141296
4.329166889,316.9325562
4.330833435,316.2177124
4.332499981,317.7737732
4.334167004,315.3632813
4.335833073,316.604187
4.337500095,318.4408875
4.339166641,316.2801208
4.340833664,317.3099976
4.34250021,315.704071
4.344166756,317.4604187
4.345833302,316.0206299
4.347500324,317.4071655
4.34916687,316.0099487
4.350833416,315.6105042
4.352499962,316.0028076
4.354166508,317.7329407
4.35583353,317.1610718
4.357500076,315.7351685
4.359167099,317.4073486
4.360833168,317.9509888
4.362500191,318.1005554
4.364166737,316.5238953
4.365833759,317.1980896
4.367500305,315.9857483
4.369166374,318.3621826
4.370833397,316.7373352
4.372499943,316.6816711
4.374166965,317.3987122
4.375833511,318.3150024
4.377500057,316.0929565
4.379166603,314.5916748
4.380833626,317.3661804
4.382500172,315.7774658
4.384167194,318.5166016
4.385833263,315.5067139
4.387499809,317.3856506
4.389166832,317.1931152
4.390833378,318.2731628
4.392500401,316.4351807
4.39416647,317.3132019
4.395833492,316.3834229
4.397500038,315.3215942
4.399167061,316.2427368
4.400833607,315.9543457
4.402499676,316.2949219
4.404166698,316.566925
4.405833244,316.4223938
4.407500267,317.2883911
4.409166813,316.1189575
4.410833359,317.0144348
4.412499905,317.244812
4.414166927,318.6266785
4.415833473,316.9667664
4.417500496,317.5265808
4.419166565,318.2380676
4.420833111,316.1593933
4.422500134,317.3192444
4.424166679,316.5498047
4.425833702,318.8863525
4.427499771,316.9335022
4.429166794,316.0094299
4.43083334,317.1831665
4.432500362,316.9519043
4.434166908,316.3931885
4.435833454,315.9646301
4.4375,316.946991
4.439166546,316.1992798
4.440833569,317.266449
4.442500114,316.20047
4.44416666,315.8066711
4.445833206,316.5497131
4.447500229,314.3158264
4.449166775,317.2767029
4.450833797,316.4297485
4.452499866,316.6792603
4.454166889,317.6752014
4.455833435,317.1170959
4.457499981,315.8821411
4.459167004,315.7857971
4.460833073,317.6428833
4.462500095,316.7355347
4.464166641,317.6560364
4.465833664,316.2520752
4.46750021,316.5055847
4.469166756,316.4578247
4.470833302,317.96875
4.472500324,316.0177917
4.47416687,316.7655334
4.475833416,316.7618408
4.477499962,316.3216858
4.479166508,317.4076538
4.48083353,317.9561462
4.482500076,316.1049194
4.484167099,316.9144592
4.485833168,317.0904846
4.487500191,317.4763489
4.489166737,316.4851074
4.490833759,318.553009
4.492500305,316.7024231
4.494166374,316.1100769
4.495833397,315.2053833
4.497499943,318.934967
4.499166965,317.2468262
4.500833511,317.4129639
4.502500057,317.7049866
4.504166603,318.0412598
4.505833626,315.7250977
4.507500172,316.9525757
4.509167194,315.8556213
4.510833263,316.6438904
4.512499809,315.4025574
4.514166832,316.4321594
4.515833378,318.5256653
4.517500401,315.4050293
4.51916647,317.7506409
4.520833492,315.6644287
4.522500038,317.4545898
4.524167061,317.4378052
4.525833607,317.4598389
4.527499676,316.9160156
4.529166698,317.7999268
4.530833244,316.450592
4.532500267,316.1145325
4.534166813,317.6819458
4.535833359,315.8760986
4.537499905,317.20047
4.539166927,316.0800476
4.540833473,317.1061707
4.542500496,317.3720093
4.544166565,317.1145935
4.545833111,316.1871033
4.547500134,317.240509
4.549166679,317.9492188
4.550833702,316.4424133
4.552499771,317.242981
4.554166794,316.9170227
4.55583334,318.3663025
4.557500362,317.9661865
4.559166908,318.9353333
4.560833454,316.2759094
4.5625,316.4218445
4.564166546,316.3692932
4.565833569,314.7014771
4.567500114,317.1351013
4.56916666,316.7115784
4.570833206,316.5156555
4.572500229,314.2039795
4.574166775,315.6387329
4.575833797,316.6605835
4.577499866,317.029541
4.579166889,317.7713623
4.580833435,318.4878845
4.582499981,316.6376038
4.584167004,319.1759644
4.585833073,316.8129578
4.587500095,316.9860535
4.589166641,317.9596252
4.590833664,317.3683472
4.59250021,315.9654846
4.594166756,317.2388916
4.595833302,318.3013306
4.597500324,317.0950317
4.59916687,317.5398865
4.600833416,317.3678589
4.602499962,316.7411804
4.604166508,316.5670776
4.60583353,317.6416931
4.607500076,317.2498169
4.609167099,316.2081299
4.610833168,317.175293
4.612500191,316.4841614
4.614166737,317.7141418
4.615833759,316.3868408
4.617500305,316.8982849
4.619166374,316.0774231
4.620833397,317.1981201
4.622499943,316.718689
4.624166965,317.1029663
4.625833511,317.6639709
4.627500057,317.0940857
4.629166603,316.6647339
4.630833626,317.0420227
4.632500172,316.4941711
4.634167194,316.5108948
4.635833263,316.1862793
4.637499809,318.6292725
4.639166832,316.8167114
4.640833378,315.4695129
4.642500401,316.5432129
4.64416647,316.1664124
4.645833492,315.884491
4.647500038,316.0502319
4.649167061,317.6716309
4.650833607,317.3742676
4.652499676,317.8869934
4.654166698,317.6751709
4.655833244,316.7565002
4.657500267,317.9162292
4.659166813,317.2475891
4.660833359,315.7590942
4.662499905,316.3268127
4.664166927,316.1343384
4.665833473,316.1296997
4.667500496,317.0593262
4.669166565,318.2753296
4.670833111,317.7418823
4.672500134,316.3686829
4.674166679,316.34552
4.675833702,318.2883911
4.677499771,317.0858765
4.679166794,316.1822205
4.68083334,316.1250305
4.682500362,317.979126
4.684166908,316.8570251
4.685833454,317.8821716
4.6875,317.06604
4.689166546,315.687439
4.690833569,315.8320923
4.692500114,316.7898865
4.69416666,317.3144226
4.695833206,317.2181091
4.697500229,316.3883667
4.699166775,317.1804504
4.700833797,316.9048462
4.702499866,316.5341187
4.704166889,316.3723755
4.705833435,317.2333984
4.707499981,319.8953857
4.709167004,316.8163452
4.710833073,315.2420959
4.712500095,317.1432495
4.714166641,316.3829346
4.715833664,316.6258545
4.71750021,316.7888184
4.719166756,317.5232239
4.720833302,317.5447083
4.722500324,318.6767273
4.72416687,316.4587097
4.725833416,316.712677
4.727499962,315.4919739
4.729166508,316.1106873
4.73083353,317.6826477
4.732500076,315.7532349
4.734167099,316.5631714
4.735833168,316.8284302
4.737500191,315.2901001
4.739166737,317.2007141
4.740833759,318.0909729
4.742500305,316.8987732
4.744166374,316.9572754
4.745833397,317.2778625
4.747499943,315.3075256
4.749166965,317.3044434
4.750833511,316.4343262
4.752500057,317.3500061
4.754166603,316.9407654
4.755833626,317.9336853
4.757500172,316.8900757
4.759167194,318.6702576
4.760833263,316.4313049
4.762499809,316.6806946
4.764166832,317.0564575
4.765833378,316.9468994
4.767500401,317.0480652
4.76916647,318.0490112
4.770833492,316.0065002
4.772500038,316.7319641
4.774167061,316.6440125
4.775833607,316.3162842
4.777499676,316.1324463
4.779166698,316.2607727
4.780833244,316.4249878
4.782500267,315.4205933
4.784166813,317.3760071
4.785833359,319.1380615
4.787499905,316.44104
4.789166927,317.3379822
4.790833473,315.2198181
4.792500496,317.238739
4.794166565,316.2700806
4.795833111,317.1128235
4.797500134,315.995697
4.799166679,316.1610413
4.800833702,315.7839966
4.802499771,316.835968
4.804166794,317.7013855
4.80583334,316.0747375
4.807500362,316.9544373
4.809166908,314.9935608
4.810833454,315.6911011
4.8125,315.6969299
4.814166546,317.33078
4.815833569,316.7206726
4.817500114,315.8771362
4.81916666,317.0768433
4.820833206,314.8680115
4.822500229,315.4906616
4.824166775,316.7885742
4.825833797,315.7468262
4.827499866,316.078186
4.829166889,317.883606
4.830833435,314.739624
4.832499981,316.4167175
4.834167004,317.405365
4.835833073,317.0747375
4.837500095,316.9247131
4.839166641,316.9154968
4.840833664,317.0508423
4.84250021,314.8554993
4.844166756,317.0429688
4.845833302,316.2352295
4.847500324,315.7701111
4.84916687,316.9598083
4.850833416,314.9690857
4.852499962,315.9783325
4.854166508,316.8808289
4.85583353,317.1345825
4.857500076,317.7591248
4.859167099,316.3136597
4.860833168,315.4160767
4.862500191,316.9104919
4.864166737,317.9539185
4.865833759,315.9814758
4.867500305,317.4640808
4.869166374,317.3208313
4.870833397,316.5950623
4.872499943,318.7141724
4.874166965,316.6113281
4.875833511,315.0692749
4.877500057,317.79776
4.879166603,316.3713989
4.880833626,316.7172546
4.882500172,316.8057251
4.884167194,316.1210327
4.885833263,316.8006897
4.887499809,316.6480713
4.889166832,317.2887573
4.890833378,319.0403137
4.892500401,316.0178833
4.89416647,316.1283264
4.895833492,317.3469238
4.897500038,315.5176086
4.899167061,317.250946
4.900833607,316.7327271
4.902499676,315.6598206
4.904166698,316.2645874
4.905833244,316.3679199
4.907500267,317.5006714
4.909166813,313.1347351
4.910833359,317.5041199
4.912499905,318.5011597
4.914166927,316.5722046
4.915833473,316.5544434
4.917500496,316.3904419
4.919166565,317.8088379
4.920833111,318.1463013
4.922500134,318.315979
4.924166679,316.613678
4.925833702,315.6495056
4.927499771,316.7268372
4.929166794,315.8356934
4.93083334,314.2587891
4.932500362,315.8474121
4.934166908,315.7021179
4.935833454,315.6579285
4.9375,317.9146118
4.939166546,315.4846191
4.940833569,318.636261
4.942500114,316.5254517
4.94416666,314.9014282
4.945833206,317.1286621
4.947500229,317.803009
4.949166775,317.9370728
4.950833797,318.7572327
4.952499866,317.7092896
4.954166889,317.0621948
4.955833435,315.5902405
4.957499981,316.7172852
4.959167004,315.8225708
4.960833073,315.9143372
4.962500095,315.6299438
4.964166641,316.5681152
4.965833664,317.3726196
4.96750021,317.8727722
4.969166756,314.0254211
4.970833302,316.5406494
4.972500324,317.0791321
4.97416687,317.1145935
4.975833416,315.0954895
4.977499962,317.534668
4.979166508,317.7956848
4.98083353,316.7853394
4.982500076,316.7931824
4.984167099,317.374939
4.985833168,316.9356079
4.987500191,316.0434875
4.989166737,316.6607056
4.990833759,317.3332825
4.992500305,315.9430847
4.994166374,316.6161194
4.995833397,315.8888855
4.997499943,316.9193115
4.999166965,318.2145691
5.000833511,316.8205566
5.002500057,317.9548645