1,,
Time (min),Intensity (a.u.),
0.0008333333535,48.18787766,
0.002500000177,49.19225693,
0.004166666884,48.14687347,
0.005833333358,48.80945206,
0.007500000298,49.22057724,
0.009166667238,49.10793686,
0.01083333418,48.66174316,
0.01250000019,48.40555191,
0.01416666713,48.62737274,
0.01583333313,48.61524963,
0.01750000194,48.94309998,
0.01916666701,48.84934998,
0.02083333395,48.74334335,
0.02250000089,48.73017502,
0.02416666783,48.643013,
0.02583333477,48.73804474,
0.02749999985,49.16307449,
0.02916666679,48.70952606,
0.03083333373,48.67054749,
0.03250000253,49.04981613,
0.03416666761,48.7387886,
0.03583333641,49.12977219,
0.03750000149,48.72109985,
0.03916667029,48.68739319,
0.04083333537,48.29656982,
0.04250000045,47.83879471,
0.04416666925,49.23945618,
0.04583333433,47.99650574,
0.04750000313,48.60585785,
0.04916666821,48.23363495,
0.05083333328,48.53940964,
0.05250000209,48.32217026,
0.05416666716,48.57936478,
0.05583333597,48.61618423,
0.05750000104,49.16729736,
0.05916666612,48.44953156,
0.06083333492,48.09742355,
0.0625,48.9891777,
0.06416667253,48.74263,
0.0658333376,48.28382492,
0.06750000268,48.27005386,
0.06916666776,48.18046188,
0.07083333284,48.97627258,
0.07249999791,48.82132339,
0.07416667044,48.3403511,
0.07583333552,48.85122681,
0.0775000006,48.67653656,
0.07916666567,48.94335938,
0.08083333075,48.52454758,
0.08250000328,47.80282974,
0.08416666836,48.53537369,
0.08583333343,48.55721664,
0.08749999851,48.60362244,
0.08916666359,48.4091568,
0.09083333611,48.69320297,
0.09250000119,48.89470673,
0.09416666627,48.40145493,
0.09583333135,48.87522888,
0.09749999642,48.44694901,
0.09916666895,48.55927277,
0.100833334,48.70518112,
0.1024999991,48.32908249,
0.1041666642,49.34745407,
0.1058333293,48.22694016,
0.1075000018,48.85539246,
0.1091666669,48.61136246,
0.1108333319,48.17901993,
0.112499997,48.54270554,
0.1141666621,48.87440109,
0.1158333346,48.34480286,
0.1174999997,48.54380798,
0.1191666648,48.43056107,
0.1208333299,48.70534134,
0.1224999949,49.00496292,
0.1241666749,48.99706268,
0.1258333325,48.48694992,
0.1274999976,47.69217682,
0.1291666627,48.65958786,
0.1308333278,48.57734299,
0.1325000077,48.72911072,
0.1341666728,48.44683838,
0.1358333379,48.6307106,
0.137500003,48.17061615,
0.1391666681,48.4653511,
0.1408333331,48.40479279,
0.1424999982,48.57934952,
0.1441666782,48.21001434,
0.1458333284,48.10874176,
0.1475000083,48.61959076,
0.1491666585,48.49516678,
0.1508333385,49.11914444,
0.1525000036,48.34807968,
0.1541666687,48.84757614,
0.1558333337,48.65111923,
0.1574999988,48.68820953,
0.1591666639,48.52673721,
0.1608333439,48.23470306,
0.162499994,48.53908157,
0.164166674,48.61728287,
0.1658333242,48.31085587,
0.1675000042,48.95901489,
0.1691666692,48.03587723,
0.1708333343,48.67647171,
0.1724999994,48.29933929,
0.1741666645,48.10054398,
0.1758333296,48.5126915,
0.1775000095,48.91456604,
0.1791666597,48.41577148,
0.1808333397,48.23775482,
0.1824999899,48.9948082,
0.1841666698,49.23033905,
0.1858333498,48.80324936,
0.1875,49.61301041,
0.18916668,48.44358063,
0.1908333302,48.53422546,
0.1925000101,48.51675797,
0.1941666752,48.35368729,
0.1958333403,48.4484787,
0.1975000054,48.24520874,
0.1991666704,48.76751709,
0.2008333355,48.73120499,
0.2025000155,47.78385162,
0.2041666657,48.80803299,
0.2058333457,48.44089127,
0.2074999958,48.58422852,
0.2091666758,48.63004684,
0.2108333409,48.51727676,
0.212500006,48.92847443,
0.214166671,48.30173111,
0.2158333361,48.98181915,
0.2175000012,48.63854218,
0.2191666812,48.66619492,
0.2208333313,48.18852997,
0.2225000113,48.15795135,
0.2241666615,48.96671295,
0.2258333415,48.96147919,
0.2275000066,48.56309891,
0.2291666716,48.00374985,
0.2308333367,48.26256943,
0.2325000018,49.33896637,
0.2341666669,49.20976257,
0.2358333468,48.19392776,
0.237499997,48.51148987,
0.239166677,48.31899643,
0.2408333272,48.36807251,
0.2425000072,48.2844696,
0.2441666722,49.43029404,
0.2458333373,48.72886276,
0.2475000024,48.80665588,
0.2491666675,48.36735153,
0.2508333325,48.32503128,
0.2524999976,49.20227814,
0.2541666627,48.52972412,
0.2558333278,48.52637482,
0.2574999928,48.65363312,
0.2591666579,48.57268524,
0.2608333528,48.46033096,
0.2624999881,48.98712921,
0.264166683,48.85255051,
0.2658333182,48.75488663,
0.2675000131,49.25100708,
0.2691666484,48.97049713,
0.2708333433,48.66825104,
0.2725000083,48.87136841,
0.2741666734,48.91603851,
0.2758333385,48.77989578,
0.2775000036,48.61970901,
0.2791666687,48.52433777,
0.2808333337,49.10809708,
0.2824999988,48.51573181,
0.2841666937,48.58742523,
0.285833329,48.20114899,
0.287499994,48.6639328,
0.2891666591,48.49541473,
0.290833354,48.75828934,
0.2925000191,48.5382576,
0.2941666543,48.46380234,
0.2958333194,49.27045822,
0.2975000143,48.52777481,
0.2991666794,48.06386566,
0.3008333445,48.69865417,
0.3024999797,49.0410347,
0.3041666746,49.13994598,
0.3058333397,47.85472488,
0.3075000048,47.95355606,
0.3091666996,48.38098907,
0.3108333349,48.48495865,
0.3125,48.55568695,
0.3141666651,48.60712051,
0.31583336,48.48088837,
0.317500025,49.36072922,
0.3191666603,48.29730606,
0.3208333254,48.77325821,
0.3225000203,48.62471771,
0.3241666853,48.21630478,
0.3258333504,48.42251205,
0.3274999857,48.30387115,
0.3291666806,48.73088074,
0.3308333457,48.8804245,
0.3325000107,48.53681183,
0.3341666758,48.53278351,
0.3358333409,47.94236374,
0.337500006,47.80830765,
0.339166671,48.61981583,
0.3408333361,48.96419525,
0.342500031,48.64874649,
0.3441666663,48.26806259,
0.3458333313,48.63820267,
0.3474999964,48.51680756,
0.3491666913,48.89325333,
0.3508333564,49.02020264,
0.3524999917,48.62715149,
0.3541666567,48.61237335,
0.3558333516,48.30797958,
0.3575000167,48.30094528,
0.3591666818,48.86011124,
0.360833317,48.57668686,
0.3625000119,48.64649963,
0.364166677,48.72670746,
0.3658333421,49.16219711,
0.3675000072,47.73245239,
0.3691666722,48.42420959,
0.3708333373,48.64802933,
0.3725000024,48.57886505,
0.3741666675,48.24346924,
0.3758333623,48.87302017,
0.3774999976,48.36671066,
0.3791666627,48.95585251,
0.3808333278,48.7695694,
0.3825000226,47.89010239,
0.3841666877,48.30203247,
0.385833323,48.73215485,
0.3874999881,48.67107773,
0.389166683,47.94343948,
0.390833348,48.15265656,
0.3925000131,48.56884384,
0.3941666484,48.74021149,
0.3958333433,49.1664238,
0.3975000083,48.44454575,
0.3991666734,49.44771194,
0.4008333385,48.51209259,
0.4025000036,49.15003586,
0.4041666687,49.15171814,
0.4058333337,48.71133423,
0.4074999988,48.97915268,
0.4091666937,48.85320663,
0.410833329,48.59626389,
0.412499994,47.94537354,
0.4141666591,48.93744659,
0.415833354,48.55873489,
0.4175000191,47.76542282,
0.4191666543,48.62823868,
0.4208333194,48.4437027,
0.4225000143,48.39412689,
0.4241666794,48.8051796,
0.4258333445,48.12520599,
0.4274999797,48.68600464,
0.4291666746,48.66310883,
0.4308333397,48.16973877,
0.4325000048,48.52510834,
0.4341666996,49.40833664,
0.4358333349,48.66704941,
0.4375,48.20727539,
0.4391666651,48.449646,
0.44083336,48.44332886,
0.442500025,48.79031754,
0.4441666603,48.79130936,
0.4458333254,49.015625,
0.4475000203,48.32295609,
0.4491666853,49.05311966,
0.4508333504,49.04125595,
0.4524999857,49.39312744,
0.4541666806,47.69506073,
0.4558333457,48.48814011,
0.4575000107,48.30741119,
0.4591666758,48.4889946,
0.4608333409,49.03339386,
0.462500006,49.10254669,
0.464166671,48.56194305,
0.4658333361,48.37625885,
0.467500031,48.73085403,
0.4691666663,49.35457993,
0.4708333313,48.09125137,
0.4724999964,48.36124039,
0.4741666913,48.60816193,
0.4758333564,48.75687027,
0.4774999917,48.83942413,
0.4791666567,48.8019371,
0.4808333516,47.80046463,
0.4825000167,48.59481049,
0.4841666818,48.83710861,
0.485833317,48.71925735,
0.4875000119,48.68546295,
0.489166677,48.71441269,
0.4908333421,48.55028152,
0.4925000072,48.19815063,
0.4941666722,48.54207611,
0.4958333373,48.76092911,
0.4975000024,49.04911041,
0.4991666675,48.33178711,
0.5008333325,47.8535347,
0.5024999976,48.63951111,
0.5041666627,48.41986465,
0.5058333278,48.77425766,
0.5074999928,48.75922012,
0.5091666579,49.02741623,
0.510833323,48.38233185,
0.5124999881,49.30493927,
0.5141666532,48.31284332,
0.5158333182,48.69638824,
0.5175000429,48.38962173,
0.5191666484,48.39011765,
0.5208333135,48.53329849,
0.5224999785,48.2438736,
0.5241667032,48.80381012,
0.5258333683,48.73148727,
0.5274999738,48.15337753,
0.5291666389,48.00654221,
0.5308333635,48.3436203,
0.5325000286,48.66037369,
0.5341666341,48.7638092,
0.5358333588,49.01436234,
0.5375000238,48.70838165,
0.5391666889,48.66917419,
0.540833354,49.25810242,
0.5424999595,48.67961121,
0.5441666842,49.28029251,
0.5458333492,48.75748444,
0.5475000143,48.45479202,
0.5491666794,48.36854935,
0.5508333445,47.93025589,
0.5525000095,48.42427063,
0.5541666746,49.06829071,
0.5558333993,48.07128906,
0.5575000048,48.89260101,
0.5591666698,48.76459503,
0.5608333349,48.15153122,
0.5625,48.95041275,
0.5641667247,49.00796509,
0.5658333302,49.00952148,
0.5674999952,48.7227211,
0.5691667199,48.62472153,
0.5708333254,48.98923111,
0.5725000501,48.27228928,
0.5741666555,47.88359451,
0.5758333206,48.51064682,
0.5775000453,48.51167679,
0.5791666508,48.94138718,
0.5808333755,49.20025635,
0.5825000405,48.12577438,
0.584166646,48.26752472,
0.5858333707,48.54616165,
0.5874999762,48.30278397,
0.5891667008,48.6157074,
0.5908333659,48.17701721,
0.5924999714,49.02462769,
0.5941666961,48.15376282,
0.5958333611,48.19168091,
0.5975000262,48.70956802,
0.5991666913,47.8087883,
0.6008332968,47.91943741,
0.6025000215,49.20561218,
0.6041666865,48.87362289,
0.6058333516,48.43690109,
0.6075000167,48.71961594,
0.6091666818,48.89666748,
0.6108333468,48.99917221,
0.6125000119,48.73498535,
0.614166677,48.17133331,
0.6158333421,49.13764191,
0.6175000072,48.83769989,
0.6191666722,48.40771484,
0.6208333373,48.68902588,
0.622500062,48.84526062,
0.6241666675,48.78656387,
0.6258333325,47.91854095,
0.6274999976,48.85729599,
0.6291666627,48.16531754,
0.6308333874,48.92259598,
0.6324999928,49.22491074,
0.6341666579,48.81617737,
0.6358333826,48.66528702,
0.6374999881,48.1700592,
0.6391667128,49.00917053,
0.6408333182,48.08755493,
0.6424999833,49.2796936,
0.644166708,48.36104584,
0.6458333135,49.28042603,
0.6475000381,48.50542831,
0.6491667032,49.06909943,
0.6508333087,48.61649704,
0.6525000334,48.73829651,
0.6541666389,49.2589035,
0.6558333635,48.39429474,
0.6575000286,48.56528091,
0.6591666341,48.022995,
0.6608333588,49.28561401,
0.6625000238,47.99151611,
0.6641666889,48.42153549,
0.665833354,48.94271851,
0.6674999595,48.79552078,
0.6691666842,48.68393326,
0.6708333492,47.99643326,
0.6725000143,48.64440536,
0.6741666794,48.31036758,
0.6758333445,48.33966064,
0.6775000095,48.9853363,
0.6791666746,48.14981461,
0.6808333993,48.39424896,
0.6825000048,48.89364243,
0.6841666698,48.51819229,
0.6858333349,49.05712128,
0.6875,47.95166397,
0.6891667247,49.16087723,
0.6908333302,49.21390915,
0.6924999952,48.99176788,
0.6941667199,48.68015671,
0.6958333254,49.55613708,
0.6975000501,49.19796371,
0.6991666555,48.0214653,
0.7008333206,48.55301285,
0.7025000453,48.35327911,
0.7041666508,48.88690948,
0.7058333755,48.51895905,
0.7075000405,48.15082932,
0.709166646,48.55233002,
0.7108333707,48.5853653,
0.7124999762,48.86587524,
0.7141667008,48.39842987,
0.7158333659,48.17846298,
0.7174999714,48.46183014,
0.7191666961,48.79708481,
0.7208333611,48.81653976,
0.7225000262,48.80700684,
0.7241666913,48.59431076,
0.7258332968,48.59897232,
0.7275000215,49.11027908,
0.7291666865,48.11365128,
0.7308333516,49.07904053,
0.7325000167,48.6619606,
0.7341666818,48.17169571,
0.7358333468,48.70792007,
0.7375000119,48.52241516,
0.739166677,48.79628754,
0.7408333421,48.5868988,
0.7425000072,48.15317917,
0.7441666722,48.67991638,
0.7458333373,48.5377655,
0.747500062,48.73267746,
0.7491666675,48.92635727,
0.7508333325,48.6685257,
0.7524999976,49.01055527,
0.7541666627,48.37252426,
0.7558333874,48.98231888,
0.7574999928,48.73836136,
0.7591666579,48.45082474,
0.7608333826,48.54551697,
0.7624999881,48.02599335,
0.7641667128,48.53822708,
0.7658333182,48.84156799,
0.7674999833,48.9585228,
0.769166708,48.40608978,
0.7708333135,48.22626495,
0.7725000381,48.08153534,
0.7741667032,48.96966553,
0.7758333087,48.45906448,
0.7775000334,48.50041962,
0.7791666389,48.64500809,
0.7808333635,48.46299744,
0.7825000286,48.41622925,
0.7841666341,48.62326813,
0.7858333588,48.3347168,
0.7875000238,48.02339935,
0.7891666889,48.5085907,
0.790833354,48.57333755,
0.7924999595,48.59173965,
0.7941666842,47.86968613,
0.7958333492,48.30839157,
0.7975000143,48.42060471,
0.7991666794,49.01566696,
0.8008333445,48.84017944,
0.8025000095,47.9730835,
0.8041666746,48.8421402,
0.8058333993,48.88024902,
0.8075000048,48.8122673,
0.8091666698,48.46806335,
0.8108333349,47.9570694,
0.8125,48.49514771,
0.8141667247,48.93619537,
0.8158333302,48.26038361,
0.8174999952,48.86639786,
0.8191667199,49.10952759,
0.8208333254,48.61614609,
0.8225000501,49.10502243,
0.8241666555,49.04948807,
0.8258333206,49.2110672,
0.8275000453,48.78371429,
0.8291666508,49.62547684,
0.8308333755,48.09539413,
0.8325000405,49.4486618,
0.834166646,48.34734726,
0.8358333707,48.27825165,
0.8374999762,47.74158096,
0.8391667008,48.85401535,
0.8408333659,48.9989624,
0.8424999714,48.86167145,
0.8441666961,48.03290558,
0.8458333611,48.38631821,
0.8475000262,48.99139023,
0.8491666913,48.35146332,
0.8508332968,48.6778717,
0.8525000215,48.33443451,
0.8541666865,47.76707458,
0.8558333516,49.05486679,
0.8575000167,48.38232422,
0.8591666818,48.02422714,
0.8608333468,48.69747925,
0.8625000119,48.69372559,
0.864166677,47.96627426,
0.8658333421,48.42148209,
0.8675000072,48.66469193,
0.8691666722,48.89891434,
0.8708333373,49.1299324,
0.872500062,48.74271774,
0.8741666675,48.0553093,
0.8758333325,48.29113007,
0.8774999976,49.12347794,
0.8791666627,48.85450363,
0.8808333874,48.49993134,
0.8824999928,48.39572525,
0.8841666579,48.49718475,
0.8858333826,48.35325623,
0.8874999881,48.92459106,
0.8891667128,48.42063904,
0.8908333182,48.68370819,
0.8924999833,48.58304596,
0.894166708,48.62867737,
0.8958333135,48.85879898,
0.8975000381,48.4185257,
0.8991667032,48.72787476,
0.9008333087,48.48102188,
0.9025000334,49.19727707,
0.9041666389,48.39163589,
0.9058333635,48.89821625,
0.9075000286,48.75016403,
0.9091666341,48.36582947,
0.9108333588,48.45341492,
0.9125000238,48.67643356,
0.9141666889,48.26521683,
0.915833354,49.08395386,
0.9174999595,48.72338486,
0.9191666842,48.74205399,
0.9208333492,49.06492615,
0.9225000143,48.93836975,
0.9241666794,48.63750076,
0.9258333445,49.14702988,
0.9275000095,48.85870743,
0.9291666746,48.50728226,
0.9308333993,48.16826248,
0.9325000048,48.62982178,
0.9341666698,48.02936935,
0.9358333349,47.85977936,
0.9375,48.77510834,
0.9391667247,48.74202728,
0.9408333302,48.41334915,
0.9424999952,48.72796249,
0.9441667199,48.65976334,
0.9458333254,48.80987167,
0.9475000501,48.19722366,
0.9491666555,48.22912979,
0.9508333206,48.55887222,
0.9525000453,47.7326088,
0.9541666508,48.69058228,
0.9558333755,48.3983078,
0.9575000405,48.4560585,
0.959166646,48.39631271,
0.9608333707,48.86071396,
0.9624999762,48.24401093,
0.9641667008,49.04693222,
0.9658333659,48.15504837,
0.9674999714,48.86201096,
0.9691666961,48.93644714,
0.9708333611,48.65753937,
0.9725000262,48.2663002,
0.9741666913,48.85389328,
0.9758332968,48.56571198,
0.9775000215,48.76140594,
0.9791666865,49.36774826,
0.9808333516,48.97402573,
0.9825000167,48.97554779,
0.9841666818,48.60074615,
0.9858333468,48.27464676,
0.9875000119,48.08974075,
0.989166677,48.34573364,
0.9908333421,48.23530197,
0.9925000072,48.57641983,
0.9941666722,48.69911957,
0.9958333373,48.57588959,
0.997500062,48.82743835,
0.9991666675,48.28159332,
1.000833273,48.40777206,
1.002500057,48.40551376,
1.004166722,48.66321945,
1.005833387,48.33057022,
1.007500052,49.29986191,
1.009166598,48.86555481,
1.010833383,48.85476685,
1.012500048,49.17630005,
1.014166713,48.57073212,
1.015833378,48.34365463,
1.017500043,48.54639816,
1.019166708,48.55852127,
1.020833373,48.94627762,
1.022500038,48.22470474,
1.024166703,49.20294189,
1.025833368,49.01001358,
1.027500033,48.73718643,
1.029166698,48.06121826,
1.030833364,49.37036514,
1.032500029,48.7849884,
1.034166694,48.42504501,
1.035833359,47.82108688,
1.037500024,48.82725906,
1.039166689,48.04423523,
1.040833354,47.66464233,
1.042500019,49.07074356,
1.044166684,48.72282791,
1.045833349,48.4187851,
1.047500014,48.61876297,
1.049166679,48.20856476,
1.050833344,48.61753082,
1.05250001,48.74830246,
1.054166675,48.13695145,
1.05583334,48.36894608,
1.057500005,47.61991882,
1.05916667,49.05701447,
1.060833335,47.98444748,
1.0625,48.23241043,
1.064166665,42.15495682,
1.06583333,45.94525909,
1.067499995,54.58184433,
1.06916666,51.91220093,
1.070833325,69.07896423,
1.07249999,63.92334366,
1.074166775,73.90537262,
1.07583344,78.89578247,
1.077499986,75.06608582,
1.079166651,98.78607178,
1.080833316,85.0697937,
1.0825001,97.37535858,
1.084166765,103.8436737,
1.085833311,88.05096436,
1.087499976,116.2443314,
1.089166641,121.3612595,
1.090833426,121.4061584,
1.092500091,124.1195297,
1.094166636,127.253624,
1.095833302,130.1036377,
1.097499967,133.3668213,
1.099166751,135.2353821,
1.100833416,136.5792236,
1.102500081,138.1487579,
1.104166627,142.0903168,
1.105833292,143.1057587,
1.107500076,144.9299164,
1.109166741,146.7889404,
1.110833406,149.0060425,
1.112499952,150.6544495,
1.114166617,152.5733337,
1.115833402,152.8829651,
1.117500067,154.9260712,
1.119166732,157.2015686,
1.120833278,157.2151642,
1.122499943,158.8651123,
1.124166727,159.2527008,
1.125833392,161.7988434,
1.127500057,162.2424774,
1.129166722,163.8663177,
1.130833268,164.4118042,
1.132500052,165.9343262,
1.134166718,166.0879669,
1.135833383,167.5481567,
1.137500048,167.8031464,
1.139166594,168.7068634,
1.140833378,169.0361481,
1.142500043,171.1997681,
1.144166708,171.3584747,
1.145833373,171.711853,
1.147499919,173.5603333,
1.149166703,174.2823029,
1.150833368,172.1662598,
1.152500033,175.51474,
1.154166698,176.9648438,
1.155833364,177.8719025,
1.157500029,177.2856903,
1.159166694,179.0380859,
1.160833359,178.9921722,
1.162500024,179.4888611,
1.164166689,180.2982178,
1.165833354,179.9541931,
1.167500019,181.0787048,
1.169166684,182.7797089,
1.170833349,182.2368622,
1.172500014,182.2613525,
1.174166799,183.3468018,
1.175833344,184.7314453,
1.17750001,183.0224152,
1.179166675,184.4284058,
1.18083334,185.5134583,
1.182500124,185.6672058,
1.18416667,185.4135437,
1.185833335,185.9966278,
1.1875,187.8180542,
1.189166665,186.3804626,
1.190833449,187.5748291,
1.192499995,187.2378387,
1.19416666,187.0849609,
1.195833325,189.4862823,
1.19749999,189.1171112,
1.199166775,188.9034424,
1.20083344,189.5245972,
1.202499986,190.3074036,
1.204166651,191.1208344,
1.205833316,190.4157867,
1.2075001,191.3719025,
1.209166765,191.9241638,
1.210833311,192.9741821,
1.212499976,191.6425323,
1.214166641,192.145462,
1.215833426,192.1226959,
1.217500091,193.8613434,
1.219166636,194.0550842,
1.220833302,192.4690399,
1.222499967,193.0723267,
1.224166751,193.7664795,
1.225833416,194.6186829,
1.227500081,195.6324921,
1.229166627,196.387558,
1.230833292,194.900177,
1.232500076,195.5795288,
1.234166741,195.7674713,
1.235833406,196.6761932,
1.237499952,196.6512451,
1.239166617,196.7817841,
1.240833402,195.7105408,
1.242500067,195.9901581,
1.244166732,197.8691559,
1.245833278,196.9566193,
1.247499943,196.7466431,
1.249166727,197.8041687,
1.250833392,201.1636353,
1.252500057,198.3751526,
1.254166722,198.8304901,
1.255833268,197.3768463,
1.257500052,198.9134064,
1.259166718,199.0980988,
1.260833383,198.8913727,
1.262500048,199.8527985,
1.264166594,198.4432831,
1.265833378,200.812561,
1.267500043,199.5705109,
1.269166708,200.2073364,
1.270833373,199.2220917,
1.272499919,199.4396515,
1.274166703,200.5289001,
1.275833368,200.1278076,
1.277500033,201.8016663,
1.279166698,200.1160736,
1.280833364,201.7093201,
1.282500029,201.9020233,
1.284166694,201.6584778,
1.285833359,202.6548462,
1.287500024,201.4775543,
1.289166689,201.8603516,
1.290833354,201.6448212,
1.292500019,201.5794067,
1.294166684,202.2104187,
1.295833349,203.811142,
1.297500014,202.7295837,
1.299166799,204.3408508,
1.300833344,202.4091339,
1.30250001,203.6133728,
1.304166675,203.2373505,
1.30583334,202.8124237,
1.307500124,202.9633026,
1.30916667,202.6615448,
1.310833335,203.5623016,
1.3125,203.6068115,
1.314166665,203.4733887,
1.315833449,203.8477783,
1.317499995,204.7256317,
1.31916666,204.6207581,
1.320833325,205.0244141,
1.32249999,205.0453949,
1.324166775,204.9425812,
1.32583344,206.0414581,
1.327499986,205.5610962,
1.329166651,205.544632,
1.330833316,206.3531494,
1.3325001,206.8594971,
1.334166765,206.5711975,
1.335833311,205.4016571,
1.337499976,204.5973816,
1.339166641,204.8660126,
1.340833426,205.8497009,
1.342500091,205.769989,
1.344166636,207.2136078,
1.345833302,207.7177429,
1.347499967,205.8122559,
1.349166751,205.8154297,
1.350833416,205.1865082,
1.352500081,207.0186005,
1.354166627,206.9017181,
1.355833292,206.9234314,
1.357500076,208.1784515,
1.359166741,206.7351685,
1.360833406,207.5202942,
1.362499952,205.8445892,
1.364166617,205.3128967,
1.365833402,207.8314514,
1.367500067,207.5847778,
1.369166732,208.2512817,
1.370833278,208.2812653,
1.372499943,206.4156952,
1.374166727,207.7270508,
1.375833392,206.6501465,
1.377500057,208.199585,
1.379166722,207.7962646,
1.380833268,209.1416473,
1.382500052,207.5520782,
1.384166718,208.2914581,
1.385833383,208.3985291,
1.387500048,209.8646698,
1.389166594,207.4202423,
1.390833378,208.5865936,
1.392500043,210.9060516,
1.394166708,208.4795227,
1.395833373,208.8995514,
1.397499919,209.2464294,
1.399166703,209.1952972,
1.400833368,208.4966125,
1.402500033,210.2114105,
1.404166698,208.2090149,
1.405833364,211.3046112,
1.407500029,208.7151184,
1.409166694,208.8159637,
1.410833359,208.8348999,
1.412500024,209.6775208,
1.414166689,210.6572113,
1.415833354,209.258255,
1.417500019,211.2471771,
1.419166684,209.7990112,
1.420833349,209.6143799,
1.422500014,210.7554016,
1.424166799,210.2886353,
1.425833344,209.9636383,
1.42750001,209.8892975,
1.429166675,210.6070862,
1.43083334,210.4294586,
1.432500124,209.3968506,
1.43416667,210.3683777,
1.435833335,210.109726,
1.4375,210.8127594,
1.439166665,210.1123657,
1.440833449,209.9806976,
1.442499995,211.3707428,
1.44416666,210.5336151,
1.445833325,209.8074493,
1.44749999,211.5946198,
1.449166775,212.1940918,
1.45083344,212.3577271,
1.452499986,211.9940948,
1.454166651,211.2770844,
1.455833316,210.6911469,
1.4575001,212.46492,
1.459166765,210.9815674,
1.460833311,212.2104034,
1.462499976,211.8607178,
1.464166641,211.5329895,
1.465833426,211.3577118,
1.467500091,213.3589325,
1.469166636,212.3105927,
1.470833302,212.4201965,
1.472499967,211.3642426,
1.474166751,211.6151428,
1.475833416,212.4982605,
1.477500081,211.9041595,
1.479166627,211.277359,
1.480833292,211.2469177,
1.482500076,211.7162323,
1.484166741,210.9139099,
1.485833406,212.1533661,
1.487499952,213.3096313,
1.489166617,212.4449005,
1.490833402,211.0377502,
1.492500067,212.0119019,
1.494166732,213.0138397,
1.495833278,212.7654419,
1.497499943,214.0607147,
1.499166727,212.8120117,
1.500833392,213.5410156,
1.502500057,212.5919189,
1.504166722,213.2284241,
1.505833268,213.8509369,
1.507500052,212.2320862,
1.509166718,211.9763489,
1.510833383,211.3544769,
1.512500048,212.6448059,
1.514166594,210.8241882,
1.515833378,213.3281403,
1.517500043,213.6142578,
1.519166708,212.1934967,
1.520833373,212.1934052,
1.522499919,212.8044281,
1.524166703,215.3427124,
1.525833368,212.2924957,
1.527500033,213.9765015,
1.529166698,212.8898773,
1.530833364,211.7693329,
1.532500029,213.2162781,
1.534166694,212.1245728,
1.535833359,212.3781891,
1.537500024,213.4341888,
1.539166689,211.6185608,
1.540833354,212.9597168,
1.542500019,214.5444183,
1.544166684,213.8920593,
1.545833349,213.2858276,
1.547500014,211.9927979,
1.549166799,212.4624176,
1.550833344,212.7347107,
1.55250001,213.1843567,
1.554166675,213.1180878,
1.55583334,212.6384277,
1.557500124,212.8885193,
1.55916667,214.2238464,
1.560833335,214.3370972,
1.5625,213.2796631,
1.564166665,213.6018219,
1.565833449,213.1473389,
1.567499995,213.583725,
1.56916666,212.7640533,
1.570833325,213.5808868,
1.57249999,214.443512,
1.574166775,213.6036224,
1.57583344,212.5331268,
1.577499986,215.0692749,
1.579166651,213.3574219,
1.580833316,214.0475311,
1.5825001,212.3556671,
1.584166765,213.2051086,
1.585833311,214.4558105,
1.587499976,215.3586121,
1.589166641,214.6835938,
1.590833426,214.3017578,
1.592500091,212.7261505,
1.594166636,213.6917114,
1.595833302,213.7228088,
1.597499967,214.7640839,
1.599166751,213.1274414,
1.600833416,214.1457672,
1.602500081,213.9475098,
1.604166627,213.942688,
1.605833292,214.4195709,
1.607500076,213.5770416,
1.609166741,213.5572357,
1.610833406,215.3556519,
1.612499952,214.1047058,
1.614166617,214.8503418,
1.615833402,215.0478821,
1.617500067,216.1871033,
1.619166732,214.4992065,
1.620833278,213.1854095,
1.622499943,213.9964905,
1.624166727,214.2839966,
1.625833392,215.7454376,
1.627500057,214.1707153,
1.629166722,214.9991302,
1.630833268,213.9253387,
1.632500052,213.6038513,
1.634166718,215.0435486,
1.635833383,215.5460052,
1.637500048,215.1156158,
1.639166594,214.7063904,
1.640833378,215.1009979,
1.642500043,214.9631195,
1.644166708,215.1126709,
1.645833373,215.0063171,
1.647499919,215.1940765,
1.649166703,215.0332947,
1.650833368,214.8195801,
1.652500033,216.2454834,
1.654166698,214.3753662,
1.655833364,214.5517426,
1.657500029,217.5778046,
1.659166694,214.3247833,
1.660833359,214.7571411,
1.662500024,215.1510925,
1.664166689,215.2828827,
1.665833354,215.5017548,
1.667500019,215.5883026,
1.669166684,213.819931,
1.670833349,215.4024963,
1.672500014,215.5844421,
1.674166799,215.6314392,
1.675833344,215.3963165,
1.67750001,215.619278,
1.679166675,215.8555145,
1.68083334,213.8800507,
1.682500124,215.0113373,
1.68416667,216.5119629,
1.685833335,216.1651764,
1.6875,216.413681,
1.689166665,215.6152649,
1.690833449,215.0688934,
1.692499995,216.0247498,
1.69416666,216.3726654,
1.695833325,216.7679291,
1.69749999,215.6365051,
1.699166775,217.1204376,
1.70083344,215.0780792,
1.702499986,215.3015747,
1.704166651,214.0547943,
1.705833316,215.2689362,
1.7075001,214.7465668,
1.709166765,215.7203674,
1.710833311,216.2209473,
1.712499976,216.0148621,
1.714166641,215.0235443,
1.715833426,216.0722961,
1.717500091,216.5393066,
1.719166636,217.1008453,
1.720833302,214.8389893,
1.722499967,215.8098602,
1.724166751,215.8848877,
1.725833416,215.0804901,
1.727500081,216.4118958,
1.729166627,215.8536377,
1.730833292,216.4322052,
1.732500076,214.5764313,
1.734166741,215.8490295,
1.735833406,215.9957886,
1.737499952,216.6121063,
1.739166617,215.6769104,
1.740833402,217.1904907,
1.742500067,216.0675812,
1.744166732,216.8983002,
1.745833278,215.7816315,
1.747499943,216.4454041,
1.749166727,214.0907135,
1.750833392,215.8480682,
1.752500057,216.3972321,
1.754166722,214.2054901,
1.755833268,214.51091,
1.757500052,216.3451996,
1.759166718,216.3009949,
1.760833383,217.1751099,
1.762500048,216.9489746,
1.764166594,215.9828644,
1.765833378,217.6186829,
1.767500043,216.7052155,
1.769166708,216.3814697,
1.770833373,216.6149445,
1.772499919,216.4077759,
1.774166703,215.811142,
1.775833368,216.4119263,
1.777500033,216.0876617,
1.779166698,215.8767395,
1.780833364,216.5129547,
1.782500029,216.6832428,
1.784166694,215.6452789,
1.785833359,216.3974304,
1.787500024,216.330719,
1.789166689,216.9411011,
1.790833354,215.6559296,
1.792500019,217.8805695,
1.794166684,216.1167297,
1.795833349,217.5122681,
1.797500014,215.2636719,
1.799166799,216.9164429,
1.800833344,217.0420685,
1.80250001,216.6546173,
1.804166675,216.5215302,
1.80583334,216.9945526,
1.807500124,218.1300354,
1.80916667,216.3645172,
1.810833335,217.0982208,
1.8125,216.0108643,
1.814166665,216.8319702,
1.815833449,217.7974243,
1.817499995,216.085907,
1.81916666,217.3934326,
1.820833325,216.4788513,
1.82249999,215.1032562,
1.824166775,217.2512512,
1.82583344,216.8936768,
1.827499986,216.8581238,
1.829166651,216.6863556,
1.830833316,217.3665924,
1.8325001,217.8643036,
1.834166765,218.0536652,
1.835833311,215.9992371,
1.837499976,218.3062592,
1.839166641,217.559433,
1.840833426,216.3203583,
1.842500091,218.8756866,
1.844166636,215.206665,
1.845833302,217.9081573,
1.847499967,217.5762024,
1.849166751,217.2743988,
1.850833416,218.1903076,
1.852500081,218.2628479,
1.854166627,217.2992401,
1.855833292,217.1681213,
1.857500076,217.2298584,
1.859166741,218.4075775,
1.860833406,217.9065704,
1.862499952,217.2531433,
1.864166617,217.970993,
1.865833402,217.0830994,
1.867500067,217.013504,
1.869166732,218.4301147,
1.870833278,217.2012329,
1.872499943,215.7871399,
1.874166727,216.8182983,
1.875833392,217.7807922,
1.877500057,217.6666107,
1.879166722,217.6019135,
1.880833268,217.3264771,
1.882500052,217.7791138,
1.884166718,216.9936523,
1.885833383,216.6758881,
1.887500048,216.9494629,
1.889166594,217.381897,
1.890833378,217.8490601,
1.892500043,218.4384918,
1.894166708,216.0420227,
1.895833373,217.53862,
1.897499919,219.5167542,
1.899166703,218.3386841,
1.900833368,217.9848175,
1.902500033,218.09935,
1.904166698,217.3726959,
1.905833364,217.1691589,
1.907500029,216.5162506,
1.909166694,216.1312866,
1.910833359,218.3873901,
1.912500024,216.8752441,
1.914166689,216.848175,
1.915833354,217.6029663,
1.917500019,216.8059692,
1.919166684,216.7713776,
1.920833349,218.1663208,
1.922500014,217.2975006,
1.924166799,218.753952,
1.925833344,215.8811646,
1.92750001,218.2896881,
1.929166675,217.1822052,
1.93083334,218.1633606,
1.932500124,217.2742615,
1.93416667,217.9019318,
1.935833335,218.2973022,
1.9375,216.5760956,
1.939166665,217.3975677,
1.940833449,217.0095825,
1.942499995,218.5637512,
1.94416666,217.9166412,
1.945833325,217.3364563,
1.94749999,217.5761108,
1.949166775,219.6405334,
1.95083344,218.3038177,
1.952499986,218.8704987,
1.954166651,217.7709351,
1.955833316,217.308197,
1.9575001,216.8328247,
1.959166765,217.9974518,
1.960833311,218.6923828,
1.962499976,218.6754456,
1.964166641,217.0576324,
1.965833426,218.2351837,
1.967500091,216.8899384,
1.969166636,218.3248596,
1.970833302,218.2649994,
1.972499967,216.9253998,
1.974166751,219.0319977,
1.975833416,217.8946381,
1.977500081,217.7023315,
1.979166627,217.4659576,
1.980833292,217.3769226,
1.982500076,218.130249,
1.984166741,217.8214264,
1.985833406,217.7529449,
1.987499952,218.5320587,
1.989166617,218.6173248,
1.990833402,218.2457733,
1.992500067,218.3315582,
1.994166732,218.4524536,
1.995833278,218.8062286,
1.997499943,218.002182,
1.999166727,216.9389343,
2.000833273,218.4811707,
2.002500057,218.2962189,
2.004166603,218.8680573,
2.005833387,218.4093628,
2.007500172,217.7071533,
2.009166718,216.65802,
2.010833263,218.9195251,
2.012500048,218.5763702,
2.014166594,219.4251709,
2.015833378,218.2023315,
2.017500162,218.5424805,
2.019166708,219.2703094,
2.020833254,219.6433716,
2.022500038,216.8754883,
2.024166822,217.2466125,
2.025833368,218.3397522,
2.027499914,219.4580231,
2.029166698,218.8679047,
2.030833244,219.140152,
2.032500029,218.0406342,
2.034166813,218.835434,
2.035833359,219.2075195,
2.037499905,217.9487915,
2.039166689,217.9105377,
2.040833473,217.5003662,
2.042500019,218.7249146,
2.044166803,218.9051056,
2.045833349,218.8997955,
2.047499895,218.8457031,
2.049166679,216.6990967,
2.050833464,217.0335388,
2.05250001,217.7862091,
2.054166555,216.8078308,
2.05583334,218.5006256,
2.057500124,218.8545532,
2.05916667,217.4475555,
2.060833454,219.3845215,
2.0625,217.6138611,
2.064166546,217.7564697,
2.06583333,217.8355865,
2.067500114,217.381012,
2.06916666,218.1630859,
2.070833445,218.2997284,
2.07249999,219.4085693,
2.074166775,219.2702026,
2.075833321,217.688736,
2.077500105,218.9752655,
2.079166651,216.89328,
2.080833197,218.348465,
2.082499981,219.0844574,
2.084166765,218.898407,
2.085833311,218.3927307,
2.087500095,217.1090393,
2.089166641,217.9138489,
2.090833426,216.928009,
2.092499971,218.3093109,
2.094166756,218.1510468,
2.095833302,218.7888947,
2.097500086,217.3572388,
2.099166632,218.5331116,
2.100833416,217.8678589,
2.102499962,217.9906464,
2.104166746,218.1953735,
2.105833292,219.1354523,
2.107500076,219.4795074,
2.109166622,218.046463,
2.110833406,219.4685516,
2.112499952,217.0855408,
2.114166737,218.7691498,
2.115833521,220.2068787,
2.117500067,219.7191315,
2.119166613,218.0643005,
2.120833397,217.3005371,
2.122499943,218.4907684,
2.124166727,218.3640442,
2.125833273,219.457901,
2.127500057,219.6551056,
2.129166603,219.2453918,
2.130833387,219.5957794,
2.132500172,218.6850891,
2.134166718,218.1533356,
2.135833502,218.9789276,
2.137500048,219.0941162,
2.139166832,218.7633057,
2.140833378,217.6388855,
2.142500162,219.3064423,
2.144166708,217.9121094,
2.145833254,217.2005768,
2.147500038,217.8723145,
2.149166584,217.9843292,
2.150833368,220.3436584,
2.152500153,218.3335724,
2.154166698,218.7669678,
2.155833483,218.942337,
2.157500029,218.3395233,
2.159166813,220.0860748,
2.160833597,216.8588867,
2.162499905,219.3034058,
2.164166689,218.8717041,
2.165833235,218.9044952,
2.167500019,218.0679169,
2.169166803,219.7810059,
2.170833349,218.942276,
2.172500134,218.7943115,
2.174166679,220.0451813,
2.175833464,218.599823,
2.177500248,218.6674957,
2.179166555,218.5925293,
2.18083334,220.0103302,
2.182499886,219.3730164,
2.18416667,219.6876068,
2.185833454,218.8353424,
2.1875,219.2234192,
2.189166784,217.6060181,
2.19083333,219.2850647,
2.192500114,220.0033875,
2.194166899,220.0029144,
2.195833445,219.4059143,
2.19749999,217.5548553,
2.199166536,219.3934937,
2.200833321,219.6926727,
2.202500105,218.1321411,
2.204166651,219.0427094,
2.205833435,218.9652252,
2.207499981,220.3214417,
2.209166765,218.8817596,
2.210833549,220.0018158,
2.212500095,218.2660522,
2.21416688,218.6703186,
2.215833187,219.2584381,
2.217499971,219.3749084,
2.219166756,219.0493317,
2.220833302,217.5485382,
2.222500086,219.4509735,
2.224166632,219.7927094,
2.225833416,219.4665375,
2.2275002,218.4722595,
2.229166746,220.4108582,
2.23083353,220.3687744,
2.232499838,218.4930115,
2.234166622,220.2227325,
2.235833406,218.5836029,
2.237499952,219.8505096,
2.239166737,219.3562164,
2.240833282,219.1481171,
2.242500067,219.1407318,
2.244166851,220.0477905,
2.245833397,219.0168762,
2.247500181,219.2928619,
2.249166727,218.766983,
2.250833273,219.3504791,
2.252500057,220.0136871,
2.254166603,218.4562225,
2.255833387,217.7021027,
2.257499933,221.1389771,
2.259166718,218.5696564,
2.260833502,219.8186035,
2.262500048,219.2132568,
2.264166832,219.2957306,
2.265833378,218.7402191,
2.267500162,219.6441193,
2.269166708,218.8034363,
2.270833254,219.2914734,
2.272500038,218.8581543,
2.274166584,219.5598297,
2.275833368,218.8834534,
2.277500153,218.4602203,
2.279166698,220.3005066,
2.280833483,219.3063507,
2.282500029,218.4300537,
2.284166813,218.3079987,
2.285833597,220.4790955,
2.287499905,218.1582031,
2.289166689,219.6143341,
2.290833235,218.8281403,
2.292500019,219.8631439,
2.294166803,220.1282806,
2.295833349,218.5953064,
2.297500134,219.9194031,
2.299166679,219.7040253,
2.300833464,219.7290497,
2.302500248,219.3907776,
2.304166555,218.5948639,
2.30583334,218.6723022,
2.307499886,219.8219147,
2.30916667,219.470047,
2.310833454,219.0173798,
2.3125,220.0037384,
2.314166784,218.5785522,
2.31583333,218.7445526,
2.317500114,219.6440887,
2.319166899,219.0957336,
2.320833445,220.269043,
2.32249999,219.7663574,
2.324166536,221.5986328,
2.325833321,220.1742554,
2.327500105,219.7992249,
2.329166651,220.5792694,
2.330833435,219.3079834,
2.332499981,219.912796,
2.334166765,218.7494354,
2.335833549,219.4605255,
2.337500095,220.8735046,
2.33916688,218.5570068,
2.340833187,219.6262512,
2.342499971,220.0445862,
2.344166756,219.5940094,
2.345833302,218.9772339,
2.347500086,220.1724243,
2.349166632,220.4071198,
2.350833416,220.0910645,
2.3525002,219.6337128,
2.354166746,219.2309875,
2.35583353,219.7913361,
2.357499838,218.9520874,
2.359166622,219.2006073,
2.360833406,219.7702179,
2.362499952,219.5920105,
2.364166737,219.95401,
2.365833282,219.4972534,
2.367500067,219.0382843,
2.369166851,218.1718597,
2.370833397,219.2384033,
2.372500181,218.2237549,
2.374166727,220.1929474,
2.375833273,219.4655304,
2.377500057,219.862854,
2.379166603,219.4375916,
2.380833387,221.0179901,
2.382499933,219.5157318,
2.384166718,220.0666351,
2.385833502,219.8106079,
2.387500048,220.2189789,
2.389166832,220.959198,
2.390833378,218.9230042,
2.392500162,218.593689,
2.394166708,220.6367188,
2.395833254,220.7605133,
2.397500038,219.3952789,
2.399166584,220.6036987,
2.400833368,219.8903961,
2.402500153,219.1853485,
2.404166698,220.0770416,
2.405833483,219.3659668,
2.407500029,220.6631927,
2.409166813,220.0966034,
2.410833597,219.7141418,
2.412499905,220.4763184,
2.414166689,220.9524841,
2.415833235,219.9811096,
2.417500019,220.5694427,
2.419166803,220.52565,
2.420833349,220.39151,
2.422500134,220.5977783,
2.424166679,220.6313629,
2.425833464,220.289093,
2.427500248,219.134964,
2.429166555,220.6818237,
2.43083334,220.4517822,
2.432499886,221.0272675,
2.43416667,220.1254578,
2.435833454,221.1599884,
2.4375,221.3424835,
2.439166784,220.2966766,
2.44083333,219.3603821,
2.442500114,220.2957153,
2.444166899,221.5814972,
2.445833445,220.1896057,
2.44749999,219.019165,
2.449166536,220.9346771,
2.450833321,220.2004547,
2.452500105,218.0335388,
2.454166651,220.1931915,
2.455833435,219.4980011,
2.457499981,220.7562561,
2.459166765,222.3579102,
2.460833549,220.4048615,
2.462500095,218.3199768,
2.46416688,219.6582489,
2.465833187,220.0374756,
2.467499971,219.4658051,
2.469166756,218.9242096,
2.470833302,220.291214,
2.472500086,220.5041656,
2.474166632,220.2041931,
2.475833416,221.1272736,
2.4775002,219.6168823,
2.479166746,219.8220062,
2.48083353,221.3993225,
2.482499838,220.4974518,
2.484166622,219.2862854,
2.485833406,220.5937195,
2.487499952,220.3990173,
2.489166737,220.5903015,
2.490833282,220.0626068,
2.492500067,220.1160126,
2.494166851,220.2582245,
2.495833397,220.862915,
2.497500181,220.3134155,
2.499166727,219.4826965,
2.500833273,222.7971039,
2.502500057,219.213501,
2.504166603,220.6150513,
2.505833387,220.9234314,
2.507499933,220.7555695,
2.509166718,220.8911896,
2.510833502,219.9907684,
2.512500048,220.723526,
2.514166832,220.0932922,
2.515833378,221.7936401,
2.517500162,221.1921539,
2.519166708,219.6137848,
2.520833254,218.8124084,
2.522500038,220.6529999,
2.524166584,220.6944885,
2.525833368,220.9426727,
2.527500153,218.905304,
2.529166698,220.765625,
2.530833483,219.9095154,
2.532500029,220.7120209,
2.534166813,220.7757416,
2.535833597,220.0019073,
2.537499905,219.7049713,
2.539166689,219.4585419,
2.540833235,220.1156921,
2.542500019,220.4538574,
2.544166803,220.0166473,
2.545833349,220.6279449,
2.547500134,220.3523712,
2.549166679,220.062851,
2.550833464,220.4048615,
2.552500248,220.0398254,
2.554166555,220.3464203,
2.55583334,221.1759186,
2.557499886,221.9991913,
2.55916667,220.6713562,
2.560833454,220.7690582,
2.5625,220.9054871,
2.564166784,221.3398285,
2.56583333,220.8334045,
2.567500114,221.2548676,
2.569166899,220.6231842,
2.570833445,221.0115204,
2.57249999,221.2389374,
2.574166536,220.9071045,
2.575833321,219.9716797,
2.577500105,220.4587708,
2.579166651,219.0610809,
2.580833435,220.3919373,
2.582499981,219.8745422,
2.584166765,221.4470062,
2.585833549,221.18013,
2.587500095,222.7748566,
2.58916688,221.99646,
2.590833187,220.1194611,
2.592499971,220.356369,
2.594166756,219.7418365,
2.595833302,220.3518829,
2.597500086,221.0957794,
2.599166632,220.5829773,
2.600833416,219.2832489,
2.6025002,218.7452393,
2.604166746,220.3665009,
2.60583353,220.7180176,
2.607499838,221.4234772,
2.609166622,222.6463318,
2.610833406,220.1867371,
2.612499952,219.7805481,
2.614166737,219.6831207,
2.615833282,220.2375183,
2.617500067,219.8755035,
2.619166851,221.6939087,
2.620833397,220.329895,
2.622500181,221.529892,
2.624166727,220.4675751,
2.625833273,220.4617157,
2.627500057,219.5776825,
2.629166603,220.6546783,
2.630833387,221.2861176,
2.632499933,220.8432465,
2.634166718,220.1110687,
2.635833502,220.8609772,
2.637500048,220.9730072,
2.639166832,220.5469818,
2.640833378,219.7505798,
2.642500162,221.335556,
2.644166708,219.7884827,
2.645833254,220.3967285,
2.647500038,220.5443726,
2.649166584,219.3733978,
2.650833368,221.0665588,
2.652500153,220.6881866,
2.654166698,220.7977295,
2.655833483,220.599411,
2.657500029,220.4794006,
2.659166813,221.2600098,
2.660833597,221.7748871,
2.662499905,221.8207092,
2.664166689,219.6596985,
2.665833235,221.5566406,
2.667500019,221.1031189,
2.669166803,221.5041199,
2.670833349,220.0752411,
2.672500134,219.4099884,
2.674166679,220.8351288,
2.675833464,222.4508057,
2.677500248,220.7897797,
2.679166555,219.813736,
2.68083334,219.2949524,
2.682499886,221.1511993,
2.68416667,221.513031,
2.685833454,220.1751862,
2.6875,220.2592316,
2.689166784,221.9230499,
2.69083333,220.6196442,
2.692500114,221.023407,
2.694166899,221.0137787,
2.695833445,222.075592,
2.69749999,221.2241211,
2.699166536,220.0137939,
2.700833321,221.779892,
2.702500105,221.0012817,
2.704166651,219.7961121,
2.705833435,222.7563171,
2.707499981,222.6034088,
2.709166765,222.0226593,
2.710833549,221.2446899,
2.712500095,221.3274078,
2.71416688,222.7863159,
2.715833187,220.8518982,
2.717499971,221.822876,
2.719166756,220.3075562,
2.720833302,223.0376129,
2.722500086,220.5668945,
2.724166632,221.9739685,
2.725833416,219.8356018,
2.7275002,220.4937592,
2.729166746,221.5522919,
2.73083353,221.0636749,
2.732499838,221.610611,
2.734166622,220.2889252,
2.735833406,221.0435791,
2.737499952,219.1732635,
2.739166737,220.7175293,
2.740833282,220.8811035,
2.742500067,220.4641876,
2.744166851,220.8924255,
2.745833397,220.9879303,
2.747500181,221.2265625,
2.749166727,222.1012268,
2.750833273,221.1136475,
2.752500057,221.2867737,
2.754166603,223.232132,
2.755833387,221.2998047,
2.757499933,221.4971771,
2.759166718,221.7674713,
2.760833502,219.4151917,
2.762500048,221.9247284,
2.764166832,220.7290955,
2.765833378,221.3409424,
2.767500162,221.0335846,
2.769166708,220.9368439,
2.770833254,222.6397705,
2.772500038,220.8700256,
2.774166584,222.2361603,
2.775833368,220.3251801,
2.777500153,221.0537109,
2.779166698,220.7317505,
2.780833483,219.6699982,
2.782500029,221.0842896,
2.784166813,222.4773407,
2.785833597,221.8202972,
2.787499905,221.1334686,
2.789166689,222.1983337,
2.790833235,220.8351288,
2.792500019,221.5449371,
2.794166803,220.6106415,
2.795833349,221.2200165,
2.797500134,222.4494781,
2.799166679,221.1695557,
2.800833464,221.5301361,
2.802500248,219.7832947,
2.804166555,221.5559998,
2.80583334,221.1592712,
2.807499886,221.332489,
2.80916667,219.9461517,
2.810833454,221.5627441,
2.8125,221.9745636,
2.814166784,220.20961,
2.81583333,221.2114563,
2.817500114,221.3914948,
2.819166899,220.5433502,
2.820833445,221.565567,
2.82249999,220.0256195,
2.824166536,221.0527496,
2.825833321,220.880249,
2.827500105,220.2765656,
2.829166651,220.7238922,
2.830833435,219.8007202,
2.832499981,222.4356842,
2.834166765,222.1466522,
2.835833549,221.0725555,
2.837500095,221.0236969,
2.83916688,219.374649,
2.840833187,221.831955,
2.842499971,221.3176117,
2.844166756,220.9201355,
2.845833302,222.8184967,
2.847500086,222.0687866,
2.849166632,220.5612793,
2.850833416,220.8074799,
2.8525002,220.7510986,
2.854166746,220.695816,
2.85583353,220.4759369,
2.857499838,220.9339905,
2.859166622,221.6500397,
2.860833406,222.1809998,
2.862499952,220.2507019,
2.864166737,221.3853302,
2.865833282,220.8759766,
2.867500067,221.8513794,
2.869166851,222.7499847,
2.870833397,220.8574371,
2.872500181,221.2266998,
2.874166727,220.7200317,
2.875833273,221.8246155,
2.877500057,221.1514587,
2.879166603,219.6194916,
2.880833387,220.7706451,
2.882499933,222.7793121,
2.884166718,220.9983978,
2.885833502,221.3993073,
2.887500048,220.9455261,
2.889166832,221.275238,
2.890833378,222.1566772,
2.892500162,221.1844635,
2.894166708,222.1526489,
2.895833254,220.9903259,
2.897500038,221.5267487,
2.899166584,220.6608276,
2.900833368,221.0747986,
2.902500153,219.8160095,
2.904166698,222.2149963,
2.905833483,221.2093506,
2.907500029,221.3490143,
2.909166813,220.6434479,
2.910833597,221.9315948,
2.912499905,223.1920929,
2.914166689,221.3596954,
2.915833235,221.4620209,
2.917500019,220.10672,
2.919166803,222.1943512,
2.920833349,221.533783,
2.922500134,222.5720825,
2.924166679,222.0885468,
2.925833464,222.2108307,
2.927500248,219.2135468,
2.929166555,221.9129028,
2.93083334,220.4880371,
2.932499886,221.41922,
2.93416667,221.4920807,
2.935833454,222.4393311,
2.9375,223.3114014,
2.939166784,221.6331635,
2.94083333,220.3662262,
2.942500114,219.7239075,
2.944166899,221.3321381,
2.945833445,220.460434,
2.94749999,220.7540588,
2.949166536,221.6287384,
2.950833321,221.5543823,
2.952500105,221.7889557,
2.954166651,222.12146,
2.955833435,221.9755707,
2.957499981,220.3757629,
2.959166765,222.0140991,
2.960833549,220.7123718,
2.962500095,221.5583344,
2.96416688,223.2226868,
2.965833187,221.0618896,
2.967499971,221.6834106,
2.969166756,222.0115662,
2.970833302,221.3566437,
2.972500086,221.3465881,
2.974166632,222.1899109,
2.975833416,221.7446136,
2.9775002,221.4558105,
2.979166746,220.9286194,
2.98083353,222.0820465,
2.982499838,221.7422791,
2.984166622,221.6213989,
2.985833406,221.8516693,
2.987499952,220.840271,
2.989166737,223.1397247,
2.990833282,223.1811218,
2.992500067,222.023407,
2.994166851,222.1813354,
2.995833397,220.774704,
2.997500181,221.608078,
2.999166727,220.0916443,
3.000833273,222.593399,
3.002500057,220.3731689,
3.004166603,222.7491608,
3.005833387,223.412796,
3.007499933,222.6498566,
3.009166718,222.6397247,
3.010833502,221.1595154,
3.012500048,221.1508331,
3.014166832,221.9794464,
3.015833378,222.3258667,
3.017500162,220.9762573,
3.019166708,220.7233582,
3.020833254,221.9962463,
3.022500038,222.4187164,
3.024166584,220.9429779,
3.025833368,222.5473633,
3.027500153,222.0717926,
3.029166698,220.9933777,
3.030833483,222.0745087,
3.032500029,221.5849915,
3.034166813,222.1954346,
3.035833597,223.4253082,
3.037499905,221.2117615,
3.039166689,220.8838501,
3.040833235,221.4519196,
3.042500019,222.5333862,
3.044166803,221.6588135,
3.045833349,221.3332062,
3.047500134,221.8459167,
3.049166679,221.0784149,
3.050833464,222.807373,
3.052500248,222.2462921,

